id,stored,choice,name,URL,ingredient,seasoning
1,,,歐姆雞蛋豬肉咖哩飯,https://icook.tw/recipes/335766,豬肉片 洋蔥 紅蘿蔔 花椰菜 馬鈴薯,
2,,,羅宋湯,https://icook.tw/recipes/330912,紅蘿蔔 牛肉 馬鈴薯 番茄,鹽巴
3,,,剝皮辣椒雞湯,https://icook.tw/recipes/395348,雞肉  薑片 枸杞 ,鹽巴 米酒 蒜頭
4,,,泰式咖哩蟹,https://icook.tw/recipes/224604,海蟹  唐芹 洋蔥 蔥 咖哩粉,料酒 蠔油 醬油 油 蒜蓉
5,,,三杯菇菇雞,https://icook.tw/recipes/270334,鴻喜菇  去骨雞腿  蒜頭 九層塔 杏鮑菇 薑 紅辣椒,麻油   米酒  醬油膏
6,,,牛小排佐紅酒醬,https://icook.tw/recipes/372719,牛肉 米酒 紅酒 洋蔥 奶油 雞高湯,鹽  胡椒粉
7,,,雞蛋酥滷白菜,https://icook.tw/recipes/238650,白菜  木耳絲 乾香菇絲 辣椒丁 雞蛋 紅蘿蔔絲 蔥段 蒜末,香菇水 鹽 胡椒粉 香油 高湯 糖 太白粉
8,,,高麗菜封,https://icook.tw/recipes/394834,高麗菜  蔥 辣椒 薑片,鹽 糖 醬油 黃豆醬 八角
9,,,日式馬鈴薯燉肉,https://www.ytower.com.tw/recipe/iframe-recipe.asp?seq=A02-3454,豬五花   馬鈴薯 紅蘿蔔 香菇 薑片 紅辣椒,四季高純釀醬油 清酒 味醂 水
10,,,燉煮韓式馬鈴薯,https://www.ytower.com.tw/recipe/iframe-recipe.asp?seq=F01-1854,馬鈴薯  蒜片 胡蘿蔔 洋蔥 秋葵 五花三層肉 ,醬油 米酒 糖 水  韓式辣椒粉 麻油
11,,,燉煮奶油白菜,https://www.ytower.com.tw/recipe/iframe-recipe.asp?seq=F02-1048,山東白菜  鴻喜菇 杏鮑菇 胡蘿蔔 日式三角油豆腐 干貝 牛奶,鹽 白胡椒  奶油
12,,,麻油蚵仔煎雞蛋,https://www.ytower.com.tw/recipe/iframe-recipe.asp?seq=C01-0927, 蚵仔 雞蛋  蔥花  ,胡麻油 鹽 高湯 米酒 老薑 枸杞
13,,,豬肉蘑菇咖哩,https://cookidoo.tw/recipes/recipe/zh-Hant/r96883,豬肉 蘑菇 咖哩塊 洋蔥 白蘿蔔,
14,,,泡菜豬肉燒,https://cookidoo.tw/recipes/recipe/zh-Hant/r90340,豬肉 泡菜 蔥 蒜頭,香油 醬油 米酒 蠔油 糖
15,,,沙茶羊肉,https://icook.tw/recipes/385254,羊肉 空心菜葉,蒜頭辣椒 米酒 玉米粉水 沙茶醬醬油膏
16,,,地瓜葉炒皮蛋,https://cookpad.com/tw/%E9%A3%9F%E8%AD%9C/15590154-%E5%9C%B0%E7%93%9C%E8%91%89%E7%82%92%E7%9A%AE%E8%9B%8B,地瓜葉 皮蛋 蒜頭,鹽
17,,, 沙茶羊肉饭,https://icook.tw/recipes/390064,羊肉 高麗菜 白飯 鹽  蒜頭,醬油 胡椒粉 雞蛋白 米酒
18,,,肉末炒地瓜葉,https://cookpad.com/tw/%E9%A3%9F%E8%AD%9C/15587893-%E8%82%89%E6%9C%AB%E7%82%92%E5%9C%B0%E7%93%9C%E8%91%89,地瓜葉 豬絞肉 ,醬油
19,,,蔥爆咖哩羊肉,https://icook.tw/recipes/393949,羊肉 蔥段 蒜片,醬油 鹽
20,,,飄香滷羊肉,https://icook.tw/recipes/397001,羊肉 ,油 糖  醬油 五香粉
21,,,當歸羊肉麵線,https://icook.tw/recipes/394415,羊肉 麵線 冬瓜 枸杞 薑片,當歸醬 香菇
22,,,清炒地瓜葉,https://cookpad.com/tw/%E9%A3%9F%E8%AD%9C/15562630-%E6%B8%85%E7%82%92%E5%9C%B0%E7%93%9C%E8%91%89,地瓜葉 蒜瓣 紅辣椒,鮮味炒手
23,,,川菜水煮牛,https://icook.tw/recipes/266365,牛肉 香菜 豆芽菜 雞蛋,豆瓣醬 香油 米酒 太白粉 蒜末
24,,,沙茶牛肉,https://icook.tw/recipes/393193,牛肉 空心菜,薑 蒜頭 蔥 辣椒 沙茶醬
25,,,牛肉豆腐捲,https://icook.tw/recipes/393987,牛肉 豆腐,蔥 醬油 味醂
26,,,番茄燉牛肉,https://icook.tw/recipes/392391,牛肉 番茄 洋蔥,蒜頭 鹽 糖 胡椒粉
27,,,蕃茄牛肉湯,https://www.ytower.com.tw/recipe/iframe-recipe.asp?seq=A01-0795,牛肉 番茄 青蔥,豆瓣醬 鹽
28,,,南瓜黃金泡菜,https://icook.tw/recipes/368203,山東白菜  大蒜 紅蘿蔔絲 熟堅果 辣豆腐乳 南瓜片 辣椒,鹽 冰糖 香油
29,,,涼拌胡麻豆腐花椰菜,https://icook.tw/recipes/379081,花椰菜 豆腐,胡麻醬
30,,,花椰菜炒紅蘿蔔,https://icook.tw/recipes/397678,花椰菜 紅蘿蔔 蒜頭 ,鹽
31,,,咖哩炒花椰菜,https://icook.tw/recipes/394528,花椰菜 紅蘿蔔,咖哩粉
32,,,花椰菜乾炒木耳,https://icook.tw/recipes/372330,花椰菜 黑木耳 辣椒 蒜頭,鹽 烏醋 白胡椒
33,,,麻油炒空心菜,https://icook.tw/recipes/397584,空心菜 蒜頭 薑,鹽 麻油
34,,,空心菜炒牛肉,https://icook.tw/recipes/393998,空心菜 牛肉 蒜頭,鹽 蠔油
35,,,空心菜炒豬肉,https://icook.tw/recipes/393827,空心菜 豬肉 蒜頭,鹽 米酒 香油
36,,,清炒空心菜,https://icook.tw/recipes/395277,空心菜 蒜頭 辣椒 蔥,鹽
37,,,紅蘿蔔炒雞蛋,https://icook.tw/recipes/394673,紅蘿蔔 雞蛋 蒜頭,鹽
38,,,紅蘿蔔雞蛋捲,https://icook.tw/recipes/389825,紅蘿蔔 雞蛋,鹽 牛奶
39,,,紅蘿蔔香菜煎餅,https://icook.tw/recipes/394644,紅蘿蔔 雞蛋 香菜 蔥 麵粉,鹽
40,,,紅蘿蔔炒高麗菜,https://icook.tw/recipes/374212,紅蘿蔔 高麗菜,鹽 白胡椒
41,,,紹興醉雞,https://www.ytower.com.tw/recipe/iframe-recipe.asp?seq=A03-241,雞肉 八角 蔥 薑 ,紹興酒 鹽
42,,,三色雞蛋,https://www.ytower.com.tw/recipe/iframe-recipe.asp?seq=C01-0647,雞蛋 皮蛋 鹹蛋 ,鹽 白胡椒 香油
43,,,三杯杏鮑菇,https://www.ytower.com.tw/recipe/iframe-recipe.asp?seq=F06-0528,杏鮑菇 蒜頭 薑 紅辣椒 九層塔,胡麻油 米酒 醬油膏 醬油 糖
44,,,燻腿肉燉白菜湯,https://www.ytower.com.tw/recipe/iframe-recipe.asp?seq=A02-1838,山東白菜  大骨 香菜,鹽
45,,,珍菇煎豆腐,https://www.kikkoman.com.tw/cookbook.php?rName=%e7%8f%8d%e8%8f%87%e7%85%8e%e8%b1%86%e8%85%90&rID=73,金針菇 豆腐 玉米筍 甜豆莢,醬油 香油 糖 黑胡椒
46,,,蝦仁茶碗蒸,https://www.ytower.com.tw/recipe/iframe-recipe.asp?seq=C01-0313,雞蛋 蝦仁 鮮香菇,鹽 細糖 米酒 水
47,,,綠花紅葉,https://www.ytower.com.tw/recipe/iframe-recipe.asp?seq=F03-025,花椰菜 鴻禧菇 甜椒 薑,糖 鹽
48,,,培根白菜魯,https://www.ytower.com.tw/recipe/iframe-recipe.asp?seq=F02-094,山東白菜  培根  蒜苗 香菜,糖 醬油 香油 鹽
49,,,長年菜雞湯,https://www.ytower.com.tw/recipe/iframe-recipe.asp?seq=A03-1630,雞肉 長年菜 鮮香菇 福菜 紅蘿蔔 薑,鹽 白胡椒粉 米酒 香油
50,,,鮮蝦白菜捲,https://www.kikkoman.com.tw/cookbook.php?rName=%e9%ae%ae%e8%9d%a6%e7%99%bd%e8%8f%9c%e6%8d%b2&rID=789,山東白菜  蝦仁 豬絞肉 蒜頭 辣椒 香菜 荸薺 韭菜,醬油 香油 白胡椒 太白粉
51,,,絞肉燒白菜,https://www.kikkoman.com.tw/cookbook.php?rName=%e7%b5%9e%e8%82%89%e7%87%92%e7%99%bd%e8%8f%9c&rID=670,山東白菜  洋蔥 紅蘿蔔 豬絞肉,醬油 牛奶
52,,,雞蛋酥白菜,https://www.kikkoman.com.tw/cookbook.php?rName=%e8%9b%8b%e9%85%a5%e7%99%bd%e8%8f%9c&rID=552,山東白菜  雞蛋 黑木耳 紅蘿蔔,醬油 水
53,,,燉煮培根高麗菜整顆番茄盅,https://www.kikkoman.com.tw/cookbook.php?rName=%e7%87%89%e7%85%ae%e5%9f%b9%e6%a0%b9%e9%ab%98%e9%ba%97%e8%8f%9c%e6%95%b4%e9%a1%86%e7%95%aa%e8%8c%84%e7%9b%85&rID=1260,蕃茄 高麗菜 培根 蒜頭,醬油 鹽
54,,,蟹肉絲炒高麗菜,https://www.kikkoman.com.tw/cookbook.php?rName=%e8%9f%b9%e8%82%89%e7%b5%b2%e7%82%92%e9%ab%98%e9%ba%97%e8%8f%9c&rID=549,高麗菜 蟹肉 紅蘿蔔,醬油
55,,,涼拌鮮美洋蔥,https://www.kikkoman.com.tw/cookbook.php?rName=%e6%b6%bc%e6%8b%8c%e9%ae%ae%e7%be%8e%e6%b4%8b%e8%94%a5&rID=1081,洋蔥 豌豆苗 高麗菜 柴魚片 蟹肉棒 ,醬油 醋 橄欖油
56,,,香菇雞湯,https://icook.tw/recipes/397686,香菇 雞肉 薑,紹興酒
57,,,滷香菇,https://icook.tw/recipes/395584,香菇 辣椒 香菜 薑,蠔油
58,,,香菇蒸雞蛋,https://icook.tw/recipes/386019,香菇 紅蘿蔔 蔥 雞蛋,鹽 醬油
59,,,沙茶香菇片,https://icook.tw/recipes/383152,香菇 蒜頭 蔥,沙茶 醬油 糖 蠔油
60,,,蠔菇青江菜,https://icook.tw/recipes/392964,青江菜 香菇 蒜頭,糖 蠔油
61,,,炒青江菜,https://icook.tw/recipes/386169,青江菜 辣椒 蒜頭,鹽
62,,,青江菜炒肉,https://icook.tw/recipes/390017,青江菜 雞肉 蒜頭,鹽
63,,,三杯杏鮑菇佐青江菜,https://icook.tw/recipes/389570,青江菜 杏鮑菇 蒜頭 辣椒 薑,糖 醬油 麻油 蠔油 米酒
64,,,鴻喜菇炒小白菜,https://cookpad.com/tw/%E9%A3%9F%E8%AD%9C/15046408-%E8%AD%B7%E8%82%9D%E6%96%99%E7%90%86-%E9%B4%BB%E5%96%9C%E8%8F%87%E7%82%92%E5%B0%8F%E7%99%BD%E8%8F%9C?ref=search&search_term=%E7%82%92%E5%B0%8F%E7%99%BD%E8%8F%9C,小白菜 鴻喜菇 蒜頭,鮮味炒手
65,,,辣醃蘿蔔,https://icook.tw/recipes/302901,白蘿蔔 蒜頭,魚露
66,,,蔥爆豆芽菜,https://www.youtube.com/watch?v=-ElaENSF5Jo&ab_channel=%E8%A9%B9%E5%A7%86%E5%A3%AB%E5%A7%86%E5%A3%AB%E6%B5%81%E5%AE%98%E6%96%B9%E5%B0%88%E5%B1%AC%E9%A0%BB%E9%81%93,豆芽菜 韭菜 蔥 蒜頭,醬油 糖 香油 白胡椒
67,,,蠔油芥蘭料理食譜,https://www.youtube.com/watch?v=Zl79DmpfbG0&ab_channel=vhasrukta,芥藍菜 ,蠔油
68,,,青椒炒蛋,https://www.fatnyanya.com/green-pepper-egg/,青椒 雞蛋 香菇 木耳 紅蘿蔔,鹽巴 油
69,,,甜椒皮蛋,https://icook.tw/recipes/390010,甜椒 皮蛋 蒜頭,蠔油 白胡椒 酒
70,,,香菇麻油雞飯,https://www.youtube.com/watch?v=xJkUhM-paik&ab_channel=Rosalina%27sKitchen%E8%98%BF%E6%BD%94%E5%A1%94%E7%9A%84%E5%BB%9A%E6%88%BF,乾香菇 雞肉 白米,麻油 米酒 薑
71,,,寶寶吃「魚肉蛋捲😋」,https://icook.tw/recipes/353059,魚肉 ,
72,,,黃瓜豬肉卷,https://icook.tw/recipes/393305,豬肉片 小黃瓜,醬油 米酒 蠔油 砂糖
73,,,蒼蠅頭（四季豆版）,https://icook.tw/recipes/394896,豬絞肉 四季豆 蒜頭,醬油 米酒
74,,,七味雞胸肉條,https://icook.tw/recipes/386757,雞胸肉 ,鹽 七味粉 橄欖油 紅椒粉
75,,,蘿蔔絲餡餅 (素),https://cookpad.com/tw/%E9%A3%9F%E8%AD%9C/14874106-%E8%98%BF%E8%94%94%E7%B5%B2%E9%A4%A1%E9%A4%85-%E7%B4%A0,白蘿蔔 紅蘿蔔 乾香菇 中筋麵粉,鹽 油 白胡椒粉 麻油
76,,,焗烤彩椒甜椒,https://icook.tw/recipes/397288,甜椒 牛絞肉 洋蔥 蒜頭 起司,黑胡椒 義式香料 義大利麵醬
77,,,酥炸魚肉佐塔塔醬,https://icook.tw/recipes/328431,魚肉 雞蛋 洋蔥,鹽 沙拉醬
78,,,沙茶蛋炒小白菜,https://icook.tw/recipes/395260,小白菜 雞蛋 芥花油 鹽巴 沙茶,
79,,,香菇小白菜,https://icook.tw/recipes/379037,小白菜 小白菜（全聯） 蒜頭 香菇 鮮味炒手,
80,,,薑絲小白菜,https://icook.tw/recipes/373552,小白菜 薑絲 鹽 味精 米酒,
81,,,五分鐘薑絲炒小白菜,https://icook.tw/recipes/391020,小白菜 薑 胡蘿蔔（可加可不加） 鹽 油,
82,,,和風油豆腐小白菜,https://icook.tw/recipes/392100,小白菜 鴻禧菇 油豆腐 花生罐頭 醬油,
83,,,薑黃金蛋煮小白菜,https://icook.tw/recipes/394417,小白菜 有機薑黃粉 雞蛋 薑 蒜頭 鹽 糖 蝦米 魚露,
84,,,金針菇小白菜,https://icook.tw/recipes/373004,小白菜 金針菇 鹽 香油,
85,,,魚露小白菜,https://icook.tw/recipes/371994,小白菜 薑絲 辣椒 黃薑粉 酒 味霖 魚露 昆布柴魚高湯,
86,,,薑炒小白菜/平底鍋,https://icook.tw/recipes/380993,小白菜 薑片 鹽 烹大師 油 水,
87,,,小白菜,https://icook.tw/recipes/342476,小白菜 薑絲 蒜片 鹽 味素,
88,,,薑香小白菜,https://icook.tw/recipes/354255,小白菜 薑絲 辣椒 酒 味霖 醬油 昆布柴魚高湯,
89,,,番茄炒小白菜,https://icook.tw/recipes/353218,小白菜 大蕃茄 蒜瓣 辣椒,
90,,,簡單快速健康料理~小白菜炒豬肉片,https://icook.tw/recipes/373934,小白菜 豬肉片 蒜頭,
91,,,簡單快速料理~小白菜鴻喜菇貢丸湯,https://icook.tw/recipes/374092,小白菜 貢丸 鴻喜菇 小白菜,
92,,,日式小白菜味噌湯,https://icook.tw/recipes/357784,小白菜 小白菜葉 紅蔥頭 昆布柴魚高湯 白味噌(鹽分5%) 赤味噌(鹽分10%),
93,,,【緊張的】豆腐乳辣炒小白菜,https://icook.tw/recipes/362804,小白菜 辣椒 辣豆腐乳 鹽 食用油,
94,,,小白菜豆腐味噌湯,https://icook.tw/recipes/352982,小白菜 豆腐 味噌 水 薑片,
95,,,小白菜炒蛋,https://icook.tw/recipes/332219,小白菜 雞蛋 柴魚粉 鹽 油 蒜末,
96,,,炸豬肉片,https://icook.tw/recipes/397696,豬肉片 蛋 醬油膏 米酒 地瓜粉,
97,,,蘋果炒豬肉片,https://icook.tw/recipes/391233,豬肉片 梅花豬肉片 蘋果 安食小品黑豆醬油 蒜頭 安食小品黑豆油膏 薑片 米酒 水 麻油 糖 蔥花,
98,,,沙茶豬肉片炒麵,https://icook.tw/recipes/378695,豬肉片 梅花肉片 空心菜 沙茶 鮮香菇 醬油膏 醬油 蒜末 烏醋 米酒 辣椒 胡椒粉 太白粉 蔥段 水 麵條,
99,,,番茄馬鈴薯黑豚豬肉片,https://icook.tw/recipes/390979,豬肉片 冷凍黑豚豬肉片（我是用厚片） 土豆馬鈴薯 番茄醬 紅蘿蔔 醬油 蔥 鹽 蒜 水 番茄 糖,
100,,,醬燒梅花豬肉片,https://icook.tw/recipes/379326,豬肉片 梅花豬肉片（火鍋肉片-可） 洋蔥 醬油 薑絲 味醂 白芝麻 米酒,
101,,,涼拌豬肉片,https://icook.tw/recipes/365904,豬肉片 豬肉片,
102,,,私房泡菜炒豬肉片,https://icook.tw/recipes/375972,豬肉片 梅花豬肉片 手工泡菜,
103,,,乾煎豆腐乳豬肉片,https://icook.tw/recipes/375841,豬肉片 豆腐乳 洋蔥 醬油 味啉 蒜頭 冰糖/糖,
104,,,豆乳豬肉片雜菜湯,https://icook.tw/recipes/377616,豬肉片 日式雞高湯 豆乳 豬腩片 豆腐 娃娃菜 金菇 舞茸菇 清酒 味醂 薄口醬油 糖 鹽,
105,,,金沙豬肉片,https://icook.tw/recipes/363826,豬肉片 鹹蛋黃 蒜頭 蔥花 香菇素蠔油,
106,,,味增豬肉片,https://icook.tw/recipes/368008,豬肉片 蔥 蒜 辣椒 味增 米酒 糖 醬油 水,
107,,,炒洋蔥杏鮑菇豬肉片卷,https://icook.tw/recipes/393351,豬肉片 梅花豬肉 杏鮑菇 白芝麻 醬油 七味粉 蔥花,
108,,,熱炒必點-沙茶豬肉片,https://icook.tw/recipes/379425,豬肉片 蒜瓣 朝天椒 醬油 豬肉片（火鍋肉片可） 沙茶醬 空心菜 砂糖 玉米粉 米酒,
109,,,蔥爆梅花豬肉片,https://icook.tw/recipes/363189,豬肉片 梅花豬肉片 蔥 米酒 醬油,
110,,,照燒豬肉片(水波爐料理),https://icook.tw/recipes/373300,豬肉片 豬肉腰內肉 蒜 胡椒粉 醬油膏 清醬油 糖 太白粉 開水,
111,,,豬肉片炒蘿蔔,https://icook.tw/recipes/359323,豬肉片 小玉蘿蔔 薑末 紅辣椒 醬油 米酒 味醂 白醋 蔥花 七味粉,
112,,,簡單快速健康料理~小白菜炒豬肉片,https://icook.tw/recipes/373934,豬肉片 小白菜 蒜頭,
113,,,蔥爆豬肉片｜15分鐘完成｜簡單料理,https://icook.tw/recipes/381251,豬肉片 青蔥 米酒 大蒜 醬油 白胡椒粉 太白粉 蠔油,
114,,,四季豆炒豬絞肉,https://icook.tw/recipes/383904,豬絞肉 四季豆 米酒 大蒜 白胡椒 醬油 辣椒 香菇素蠔油 花椒油 烹大師 糖,
115,,,咖喱豬絞肉,https://icook.tw/recipes/376435,豬絞肉 洋蔥 紅蘿蔔 馬鈴薯 蒜頭 咖喱塊 水 孜然,
116,,,番茄豬絞肉Stuffed tomato,https://icook.tw/recipes/366034,豬絞肉 番茄 洋蔥 香菇/蘑菇 蒜頭 胡椒+鹽巴 麵包糠 蛋,
117,,,豬絞肉炒五香豆乾&毛豆,https://icook.tw/recipes/364767,豬絞肉 毛豆 豆干切丁 醬油 白胡椒粉 蒜頭 醬油膏 五香粉,
118,,,豬絞肉餅,https://icook.tw/recipes/319937,豬絞肉 豬絞肉(瘦肉) 蔥花 白胡椒粉 醬油 鹽巴 雞蛋 油,
119,,,簡單健康快速~氣炸鍋四季豆伴炒豬絞肉花生,https://icook.tw/recipes/358835,豬絞肉 四季豆 花生 蒜頭,
120,,,九層塔番茄炒絞肉-不是打拋豬,https://icook.tw/recipes/336083,豬絞肉 小蕃茄 蒜頭 檸檬 醬油膏 九層塔 辣椒 水,
121,,,下飯菜-台式蒼蠅頭（韭菜皮蛋豬絞肉）,https://icook.tw/recipes/308524,豬絞肉 韭菜花 皮蛋 香菇素蠔油 辣椒 蒜頭,
122,,,馬鈴薯燉肉（豬絞肉）,https://icook.tw/recipes/279980,豬絞肉 豬絞肉（細） 馬鈴薯 香菇醬油 紅蘿蔔 胡椒粉 洋蔥,
123,,,好市多低脂豬絞肉：紅燒獅子頭,https://icook.tw/recipes/295916,豬絞肉 饅頭（可省） 薑末 雞蛋 蔥末 油膏 醬油 太白粉 白胡椒 鹽,
124,,,用電鍋做 肉餅蒸蛋（肉餅子）,https://icook.tw/recipes/398167,豬絞肉 雞蛋 水 醬油 味精,
125,,,高麗菜餡料水餃,https://icook.tw/recipes/395423,豬絞肉 紅蘿蔔絲 高麗菜碎 鹽巴,
126,,,蒼蠅頭（四季豆版）,https://icook.tw/recipes/394896,豬絞肉 四季豆 蒜末 醬油 米酒,
127,,,泡菜炒豬絞肉,https://icook.tw/recipes/262225,豬絞肉 麻油 洋蔥 海帶芽 韓式泡菜 黑胡椒,
128,,,玉米高麗菜水餃,https://icook.tw/recipes/395424,豬絞肉 紅蘿蔔絲 玉米粒 青蔥 鹽巴,
129,,,［副食品］寶寶紅醬,https://icook.tw/recipes/382161,豬絞肉 番茄 洋蔥,
130,,,這不是？雪裡紅炒豬瘦絞肉,https://icook.tw/recipes/309096,豬絞肉 雪裡紅（全聯買的） 豬瘦絞肉（全聯買的） 蒜頭 蠔油 橄欖油,
131,,,滷肉（月餅用）,https://icook.tw/recipes/392833,豬絞肉 油 醬油 油蔥酥,
132,,,雞胸白菜鍋,https://icook.tw/recipes/396694,雞胸肉 大白菜 冬粉 紅蘿蔔 黑木耳 喜歡的火鍋丸和凍豆腐 清水 柴魚粉 鹽 太白粉,
133,,,雞胸肉蓋飯,https://icook.tw/recipes/396696,雞胸肉 洋蔥 雞蛋 糖 醬油 水 七味粉 海帶芽 柴魚粉 紅蘿蔔片,
134,,,韓式雞胸草菇,https://icook.tw/recipes/394536,雞胸肉 草菇 韓式辣醬 蒜頭 醬油 白芝麻 黑醋 糖,
135,,,香煎雞胸肉,https://icook.tw/recipes/391670,雞胸肉 鹽 胡椒粉 義大利香料 米酒 蒜油,
136,,,雞胸肉煎蛋,https://icook.tw/recipes/388518,雞胸肉 蛋 雞捲,
137,,,塔香雞胸肉餅,https://icook.tw/recipes/387878,雞胸肉 九層塔 豆腐 雞蛋 蒜頭 安食小品黑豆油膏 安食小品醬鹽 黑胡椒粒 辣椒粉,
138,,,韓式辣炒雞胸,https://icook.tw/recipes/395955,雞胸肉 雞胸肉切丁 蒜頭切末 蔥切段 韓式辣椒醬 高麗菜切塊 醬油 清水 糖 米酒 香油,
139,,,青椒炒雞胸肉,https://icook.tw/recipes/393933,雞胸肉 去皮雞胸肉 青椒 豆干 豆豉 醬油 米酒 蒜頭,
140,,,香菜拌雞胸,https://icook.tw/recipes/391352,雞胸肉 雞胸肉切薄片 香菜 食用油 鹽巴 黑胡椒粉 蒜頭切末 蔥切末 辣椒 白芝麻 孜然粉 辣椒粉 蠔油 醬油 黑醋 糖,
141,,,氣炸雞胸肉,https://icook.tw/recipes/384103,雞胸肉 雞胸肉,
142,,,照燒雞胸餅,https://icook.tw/recipes/396500,雞胸肉 里肌肉切塊 杏鮑菇切塊 海苔片 蔥切段 醬油 味醂 米酒 糖 食用油 鹽巴 白胡椒粉,
143,,,照燒雞胸,https://icook.tw/recipes/389668,雞胸肉 去骨雞胸 洋蔥 醬油 味霖 米酒 水 太白粉 熟芝麻,
144,,,韓式雞胸肉（chickenbreast）,https://icook.tw/recipes/390687,雞胸肉 韓式辣醬 味霖 白胡椒粉 糖（二號砂糖也可以） 鹽 醬油 燒酒 孜然 義大利香料 黑胡椒粒 花生醬 烹大師（可不加）,
145,,,糖醋雞胸,https://icook.tw/recipes/374378,雞胸肉 彩椒 醬油 蒜頭 白胡椒粉 番茄醬 冰糖 白醋 水,
146,,,涼拌雞胸肉,https://icook.tw/recipes/383731,雞胸肉 小黃瓜 薄鹽醬油 四季豆 薑泥 洋蔥 蒜泥 蔥 花椒油 辣椒,
147,,,黑胡椒洋蔥雞胸肉,https://icook.tw/recipes/391922,雞胸肉 洋蔥 黑胡椒粉 醬油 醬油膏 糖,
148,,,檸檬香煎雞胸,https://icook.tw/recipes/387072,雞胸肉 檸檬 鹽巴 檸檬皮 水 醬油 胡椒（胡椒鹽） 糖,
149,,,炒雞胸肉,https://icook.tw/recipes/377871,雞胸肉 全聯雞胸肉片 蒜 青蔥 鹽,
150,,,味噌 炒白蘿蔔豬肉,https://icook.tw/recipes/396767,白蘿蔔 豬肉片 赤味噌 蒜粉(生蒜泥亦可) 淡色味噌 日本美乃滋,
151,,,醃白蘿蔔,https://icook.tw/recipes/381612,白蘿蔔 蒜頭（拍扁） 辣椒 白砂糖 白醋 鹽 紅椒粉 香油,
152,,,第戎芥末白蘿蔔濃湯,https://icook.tw/recipes/392762,白蘿蔔 洋蔥 奶油 馬鈴薯 水 雞高湯塊 第戎芥末 牛奶 鹽 黑胡椒,
153,,,白蘿蔔炒玉米,https://icook.tw/recipes/377324,白蘿蔔 玉米粒 乾香菇 蒜 鹽巴 烹大師 白胡椒 水,
154,,,防疫力提升#8 - 白蘿蔔清湯,https://icook.tw/recipes/394020,白蘿蔔 中型洋蔥 奶油 培根 鹽巴 黑胡椒 高湯,
155,,,蘋果豆瓣醃白蘿蔔泡菜,https://icook.tw/recipes/388483,白蘿蔔 鹽巴 砂糖 薑 豆瓣醬 麻油 糯米醋 蘋果 青蔥 紅辣椒,
156,,,醃白蘿蔔紅蘿蔔🥕不正統作法,https://icook.tw/recipes/394315,白蘿蔔 紅蘿蔔 鹽巴 梅子 蒜頭 二砂 辣椒 糯米醋,
157,,,白蘿蔔貢丸湯（簡單免顧火）,https://icook.tw/recipes/394101,白蘿蔔 貢丸 香菇水（可不加） 香菇蒂頭（可不加） 香菜末（點綴用） 白胡椒粉 鹽,
158,,,雪碧醃蘿蔔｜還原韓國炸雞旁的白蘿蔔！,https://icook.tw/recipes/394292,白蘿蔔 蘿蔔 雪碧 大蒜 辣椒 鹽巴 白醋 冰糖（砂糖）,
159,,,清燉白蘿蔔,https://icook.tw/recipes/366718,白蘿蔔 培根 昆布 鹽巴 茴香,
160,,,香菇白蘿蔔排骨湯粥,https://icook.tw/recipes/384442,白蘿蔔 米 香菇 排骨肉 紅棗 枸杞 水,
161,,,白蘿蔔泥燉魚肚,https://icook.tw/recipes/371165,白蘿蔔 虱目魚肚 白蘿蔔泥 蒜頭 蔥花 醬油 米酒 味霖 糖 水 麵粉,
162,,,豆瓣白蘿蔔,https://icook.tw/recipes/364568,白蘿蔔 蒜碎 辣椒 酒 味霖 自製豆瓣醬鹽分10% 昆布柴魚高湯,
163,,,韓式醃白蘿蔔,https://icook.tw/recipes/368814,白蘿蔔 鹽巴 水 冰糖 白醋,
164,,,韓式白蘿蔔泡菜,https://icook.tw/recipes/367645,白蘿蔔 中大型白蘿蔔 水 細砂糖 白醋 鹽,
165,,,免疫力提升#10 - 味增白蘿蔔泥燉魚湯,https://icook.tw/recipes/395388,白蘿蔔 海鱺 鹽巴 小松菜 味霖 醬油 味增,
166,,,白蘿蔔燉肉🎶,https://icook.tw/recipes/367572,白蘿蔔 豬里肌肉 醬油 薑 米酒 蔥 味醂 水 冰糖,
167,,,寶寶蘿蔔糕（素食菜頭粿）,https://icook.tw/recipes/383157,白蘿蔔 再來米粉 常溫水 紅蘿蔔 香菇,
168,,,焗烤彩椒甜椒,https://icook.tw/recipes/397288,甜椒 牛絞肉 蒜頭切末 洋蔥切丁 彩椒 義式香料 紅椒粉 黑胡椒 雙色起司 罐頭義大利麵紅醬,
169,,,彩椒炒牛肉,https://icook.tw/recipes/379609,甜椒 火鍋牛肉片 青椒紅椒黃椒 蛋黃 杏鮑菇 太白粉 醬油 蔥 清酒 油膏 蒜頭 薑泥 水 紅糖（黑糖） 玉米粉,
170,,,花椒燒雞球（簡單煮）杏鮑菇青椒快炒雞肉,https://icook.tw/recipes/382316,甜椒 去骨雞腿 杏鮑菇 米酒 青椒（小型） 胡椒粉 花椒粉 蒜頭 鹽 辣豆瓣醬 薑片 糖 醬油膏 蔥 地瓜粉 油,
171,,,彩椒鑲肉,https://icook.tw/recipes/397146,甜椒 黃 青椒 絞肉 蒜末 醬油 豆瓣醬 糖 水,
172,,,甜椒炒蘑菇,https://icook.tw/recipes/398130,甜椒 蘑菇 甜椒（小顆） 洋蔥 羅勒葉 黑胡椒 鹽巴 無鹽奶油 白葡萄酒（可不加） 食用油,
173,,,蒸烤彩椒,https://icook.tw/recipes/396274,甜椒 彩椒,
174,,,青椒炒肉絲,https://icook.tw/recipes/385098,甜椒 青椒 梅花肉 醬油 辣椒 黑胡椒粉 蒜頭 鹽,
175,,,青椒炒肉片,https://icook.tw/recipes/396390,甜椒 里肌肉排 青椒 太白粉 紅蘿蔔片 米酒 醬油 油 水,
176,,,糖醋彩椒雞丁,https://icook.tw/recipes/394441,甜椒 雞胸肉 彩椒黃 蒜末 彩椒紅 醬油 番茄醬 米酒 白醋 沙拉油 砂糖 木薯粉（地瓜粉）,
177,,,甜椒皮蛋,https://icook.tw/recipes/390010,甜椒 皮蛋 蒜片 味精 胡椒粉 素蠔油 金門高梁酒,
178,,,青椒豬肉炒飯,https://icook.tw/recipes/396297,甜椒 白飯 豬肉絲 雞蛋 青椒 洋蔥 醬油 鹽巴 黑胡椒粉,
179,,,彩椒炒牛肉,https://icook.tw/recipes/393356,甜椒 紅椒 黃椒 黑胡椒 青椒 龜甲萬甘甜醬油 蒜碎 李錦記蠔油 鴻禧菇 米酒 安格斯無骨牛小排切條 味霖,
180,,,彩椒鹹豬肉串,https://icook.tw/recipes/391641,甜椒 鹹豬肉 彩椒三種,
181,,,紅椒雞翅,https://icook.tw/recipes/382171,甜椒 雞翅(二節翅) 小磨坊匈牙利紅椒粉 黑胡椒粒 低(中)筋麵粉 鹽 水 米酒,
182,,,鳳梨甜椒雞丁,https://icook.tw/recipes/393620,甜椒 雞肉 油膏 鳳梨罐頭 米酒 青蔥,
183,,,青椒肉絲,https://icook.tw/recipes/388964,甜椒 豬肉絲 青椒 蒜瓣 紅甜椒 烏醋 白胡椒 鹽 太白粉 米酒 香油 醬油,
184,,,青椒炒雞胸肉,https://icook.tw/recipes/393933,甜椒 去皮雞胸肉 青椒 豆干 豆豉 醬油 米酒 蒜頭,
185,,,彩椒蝦仁,https://icook.tw/recipes/379887,甜椒 蔥 蝦仁 紅彩椒 黃彩椒,
186,,,絲瓜魚肉粥,https://icook.tw/recipes/394151,魚肉 絲瓜 白肉魚 米 薑 蔥花 安食小品醬鹽 安食小品柴魚粉 白胡椒粉,
187,,,三杯魚肉,https://icook.tw/recipes/374875,魚肉 薑片 麻油 糖 酒 蔥段 九層塔 醬油,
188,,,魚肉香絲★okane,https://icook.tw/recipes/394130,魚肉 豬里脊肉 木耳 米酒 青椒 川味八香辣椒醬 紅椒,
189,,,鯛魚肉燥,https://icook.tw/recipes/378048,魚肉 鯛魚片 洋蔥 紅蘿蔔 紅糟醬 淡色醬油 米酒 鹽,
190,,,砂鍋魚肉火鍋（簡易版）,https://icook.tw/recipes/392005,魚肉 土魠魚肉（炸） 蒜頭 沙茶醬 扁魚（丁） 白胡椒粉 蔥（段） 鹽 大白菜 水 板豆腐（片） 金針菇 香菇（片） 小卷（圈） 玉米筍（段） 川耳 干貝,
191,,,芹菜魚肉千張餃,https://icook.tw/recipes/377037,魚肉 鯛魚片 豬絞肉 花椒水 孛薺 糖 芹菜 鹽 千張皮 白胡椒 香油,
192,,,𩼣魚肉片湯,https://icook.tw/recipes/363030,魚肉 𩼣魚 肉片 薑 米酒 鹽巴,
193,,,金小萬 起司醬油魚肉燉飯,https://icook.tw/recipes/387674,魚肉 米 水 醬油 洋蔥 米酒 魚肉丁 味琳 蒜頭,
194,,,茭白筍魚肉排骨粥,https://icook.tw/recipes/361222,魚肉 排骨 豬絞肉 地瓜 紅蘿蔔 茭白筍 高麗菜 巴沙魚 鹽巴 白米,
195,,,寶寶吃「魚肉蛋捲😋」,https://icook.tw/recipes/353059,魚肉 雞蛋 吳郭魚片 洋蔥 高麗菜 低筋麵粉 奶油和橄欖油,
196,,,自製魚肉煎餃,https://icook.tw/recipes/335501,魚肉 自製魚肉水餃 油 水,
197,,,港式簡易魚肉燒賣,https://icook.tw/recipes/336946,魚肉 魚滑 木薯粉 蛋雲吞皮/燒賣皮,
198,,,寶寶食譜 / 長牙寶寶 蒲瓜紅蘿蔔魚肉粥,https://icook.tw/recipes/350349,魚肉 蒲瓜 紅蘿蔔絲 鱘龍魚(各種魚肉) 高湯塊 粥冰塊,
199,,,酥炸魚肉佐塔塔醬,https://icook.tw/recipes/328431,魚肉 鯛魚片 麵粉 沙拉醬 麵包粉 希臘優格 水 洋蔥 鹽 水煮蛋 炸油,
200,,,生菜魚肉蝦滑湯,https://icook.tw/recipes/317641,魚肉 鯪魚絞肉 蝦滑 鹽 豆腐 豉油 薑 唐生菜 麻油 胡椒粉 麻油 （最後落) 蔥,
201,,,薑絲炒魚肉,https://icook.tw/recipes/295878,魚肉 白魚肉(去骨去皮) 薑 胡椒 辣椒 鹽巴 刀 葵花油 砧板 鍋鏟 盤子,
202,,,蒜椒魚肉,https://icook.tw/recipes/293616,魚肉 鰈魚片 蒜頭 辣椒 米酒 醬油 鹽 油,
203,,,有機薑黃木瓜魚湯,https://icook.tw/recipes/397533,魚肉 有機薑黃粉 木瓜 生薑 蒜頭 蔥 鮮奶,
204,,,涼拌胡麻豆腐花椰菜,https://icook.tw/recipes/379081,花椰菜 嫩豆腐 胡麻醬,
205,,,花椰菜濃湯,https://icook.tw/recipes/375318,花椰菜 綠花椰菜 洋蔥 大蒜 深綠色蔬菜 帕瑪森起司,
206,,,花椰菜炒紅蘿蔔,https://icook.tw/recipes/397678,花椰菜 蒜頭 紅蘿蔔 塩,
207,,,罐頭好上桌#3 - 鯷魚烤花椰菜,https://icook.tw/recipes/375795,花椰菜 鯷魚罐頭魚條 鹽巴 起司,
208,,,氣炸花椰菜🥦 氣炸鍋,https://icook.tw/recipes/397829,花椰菜 胡椒粉 蒜頭,
209,,,咖哩炒花椰菜,https://icook.tw/recipes/394528,花椰菜 紅蘿蔔 白花椰菜 S&B純素咖哩塊（甜味）,
210,,,蝦仁花椰菜,https://icook.tw/recipes/384043,花椰菜 蝦仁 米酒 玉米筍 鹽巴 紅蘿蔔 糖 大蒜,
211,,,【花椰菜乾炒木耳】 低熱量！減肥吃得健康,https://icook.tw/recipes/372330,花椰菜 花椰菜乾 黑木耳 蔥香鵝油 蒜末 辣椒 蔥花 烏醋 雞粉 鹽 白胡椒粉,
212,,,花椰菜雞腿鹹麵包,https://icook.tw/recipes/396122,花椰菜 高筋麵粉 速發乾燥酵母 去骨雞腿 水 綠花椰菜 無鹽奶油 蘑菇 糖 大蒜 鹽 鹽 胡椒 鹹奶油,
213,,,韓國小菜： 涼拌花椰菜,https://icook.tw/recipes/368349,花椰菜 蒜頭 麻油 水 香油 冰塊水 花椒油(可省略) 鹽(依個人口味調整）,
214,,,花椰菜豬肉炒麵,https://icook.tw/recipes/389228,花椰菜 豬肉 麵條 蒜頭 油 醬油 黑胡椒,
215,,,炒花椰菜,https://icook.tw/recipes/376457,花椰菜 綠花椰菜 紅蘿蔔 鹽 蒜瓣 米酒,
216,,,電鍋-蒸花椰菜,https://icook.tw/recipes/388285,花椰菜 花椰菜,
217,,,🥦無水無油青花菜(綠花椰菜)輕鬆煮,https://icook.tw/recipes/366796,花椰菜 青花菜(綠花椰菜),
218,,,花椰菜馬鈴薯米,https://icook.tw/recipes/386345,花椰菜 馬鈴薯,
219,,,百菇燴花椰菜,https://icook.tw/recipes/393256,花椰菜 杏鮑菇 米酒 香菇 香菇素蠔油 鴻喜菇（美白菇 舞菇等都可以） 糖（可依喜好調整） 大蒜 勾芡（太白粉水）,
220,,,涼拌花椰菜心,https://icook.tw/recipes/364734,花椰菜 花椰菜心（白綠皆可） 鹽 糖 糯米醋 麻油 調味料,
221,,,番茄花椰菜,https://icook.tw/recipes/372973,花椰菜 白花椰菜 番茄 鹽 橄欖油 義大利香料,
222,,,榨牛油,https://icook.tw/recipes/397226,奶油 生牛油(牛肥肉) 水,
223,,,純素奶油*Vegan Butter,https://icook.tw/recipes/396724,奶油 生腰果 無味椰子油(Refined) 酪梨油 清水 檸檬汁 營養酵母 甜味劑(我用甜菊糖粉) 鹽,
224,,,奶油餅乾,https://icook.tw/recipes/392412,奶油 無鹽奶油 糖粉 蛋 低筋麵粉 奶粉,
225,,,奶油燉菜,https://icook.tw/recipes/381644,奶油 燒肉片 洋蔥 米酒 雪白菇 洋蔥濃湯包 乾燥香草 紅蘿蔔 水 鹽巴 馬鈴薯 鮮奶 胡椒 蒜瓣 起士粉,
226,,,奶油櫛瓜,https://icook.tw/recipes/396846,奶油 櫛瓜 海鹽 義大利香料,
227,,,奶油香煎鮭魚,https://icook.tw/recipes/396093,奶油 鮭魚 七味粉 中筋麵粉或片栗粉 鴻禧菇,
228,,,奶油青蔥醤,https://icook.tw/recipes/396194,奶油 有塩奶油 青蔥切細 植物油,
229,,,奶油煉乳吐司,https://icook.tw/recipes/395005,奶油 模具24x13x7cm 牛奶 全蛋 糖 鹽 煉乳 酵母粉 高筋麵粉 無鹽奶油,
230,,,奶油捲麵包,https://icook.tw/recipes/394433,奶油 高筋麵粉 低筋麵粉 鹽/香料 鹽 砂糖 酵母 鮮奶油 水,
231,,,味噌奶油雞,https://icook.tw/recipes/394534,奶油 雞胸肉 米酒 鹽 味噌 蔥花 黑胡椒,
232,,,洋蔥奶油炊飯,https://icook.tw/recipes/392258,奶油 洋蔥 米 月桂葉 巴西利/百里香/細香蔥（可略） 橄欖油 無鹽奶油 白酒（可略） 水,
233,,,奶油蘑菇馬鈴薯,https://icook.tw/recipes/395312,奶油 馬鈴薯 蘑菇(依個人喜好) 奶油(依個人喜好) 蒜末 洋蔥 海鹽 黑胡椒 義大利香料(可省略) 迷迭香(可省略),
234,,,奶油蔬菜濃湯,https://icook.tw/recipes/394328,奶油 大的馬鈴薯 紅蘿蔔 洋蔥 雪白菇 高麗菜 玉米粒 蟹肉棒 無鹽奶油 低筋麵粉 鮮奶油 胡椒鹽 水,
235,,,奶油捲兒,https://icook.tw/recipes/387033,奶油 高粉 鮮奶 蛋 動物性鮮奶油 糖 無鹽奶油 鹽 酵母,
236,,,大蒜香草奶油,https://icook.tw/recipes/388726,奶油 含鹽奶油 蒜泥 巴西利 百里香 迷迭香 檸檬汁 黑胡椒,
237,,,奶油金針菇,https://icook.tw/recipes/394240,奶油 金針菇 醬油 柴魚,
238,,,奶油捲,https://icook.tw/recipes/386558,奶油 高筋麵粉 細砂糖 奶粉 酵母 全蛋 水 無鹽奶油 鹽,
239,,,奶油茄汁淡菜,https://icook.tw/recipes/398125,奶油 淡菜 洋蔥 牛番茄 羅勒 (或九層塔) 蒜頭 番茄醬 鮮奶油 帕馬森起司粉 黑胡椒 檸檬,
240,,,滷白菜,https://icook.tw/recipes/397607,白菜 包心白 薑 紅蘿蔔 香菇 豆皮 魚塊(市場賣炸好) 烏醋,
241,,,白菜滷,https://icook.tw/recipes/395616,白菜 大白菜 扁魚 蝦米 乾香菇 紅蘿蔔絲 鹽 米酒,
242,,,開陽白菜,https://icook.tw/recipes/395112,白菜 蝦米(以熱水泡過) 薑 橄欖油 鹽 太白粉 蔥 水(或高湯),
243,,,干貝白菜雞湯,https://icook.tw/recipes/398093,白菜 雞翅 薑片 金華火腿 干貝 包心白菜 鹽 米酒 水,
244,,,白菜滷,https://icook.tw/recipes/393967,白菜 大白菜 紅蘿蔔 醬油 豆皮 醬油膏 肉羹 烏醋 乾香菇 糖 蒜頭 白胡椒 櫻花蝦 木薯粉,
245,,,白菜滷,https://icook.tw/recipes/392913,白菜 小白菜 蒜頭 乾香菇（切絲） 蔥 絞肉（大約10元） 蝦米（1湯匙） 橄欖油 醋 鹽巴 雞粉,
246,,,白菜豆腐湯,https://icook.tw/recipes/396848,白菜 高湯 蕃茄 豆腐 小白菜 鹽 白胡椒粉 香油,
247,,,白菜丸子鍋,https://icook.tw/recipes/395133,白菜 櫻花蝦 豬絞肉 日式高湯包 Costco 超大蝦仁 水 蔥白末 鹽 米酒 白胡椒粉 鹽巴 太白粉 蛋,
248,,,魯白菜,https://icook.tw/recipes/388923,白菜 乾香菇 雞高湯 蝦米 水  （適狀況做調整） 金針菇 紅蘿蔔 豆包 木耳 干貝絲（可省略） 蒜頭,
249,,,白菜柿子涼拌,https://icook.tw/recipes/395142,白菜 柿子 鹽 海帶芽,
250,,,雞胸白菜鍋,https://icook.tw/recipes/396694,白菜 雞胸肉 大白菜 冬粉 紅蘿蔔 黑木耳 喜歡的火鍋丸和凍豆腐 清水 柴魚粉 鹽 太白粉,
251,,,白菜滷,https://icook.tw/recipes/387779,白菜 乾香菇 醬油 乾蝦仁(金鈎蝦) 烏醋 薑片 胡椒粉 豬肉片(絲) 鹽 魚皮 味精 香菜 (選配),
252,,,開陽白菜,https://icook.tw/recipes/391176,白菜 大白菜 蝦米（開陽） 香菇（水） 胡蘿蔔 蒜頭 鰹魚粉 胡椒粉 鹽 香油 高湯/水,
253,,,白菜滷,https://icook.tw/recipes/389284,白菜 大白菜 黑木耳 乾蝦仁 胡蘿蔔 辣椒 雞蛋 油 豬肉/新鮮魷魚（可略） 膨皮/豆皮 高湯/水 鰹魚粉 鹽 胡椒粉 香油,
254,,,獅子頭白菜,https://icook.tw/recipes/383489,白菜 絞肉（細） 醬油 秀珍菇 米酒 鰹魚醬油 蘑菇 香油 蛋餃 白胡椒粉 燕餃,
255,,,咖哩奶汁焗白菜,https://icook.tw/recipes/397139,白菜 娃娃白菜 洋蔥 紅蘿蔔 蒜末 奶油 低筋麵粉 牛奶 S&B金牌咖哩塊（純素） S&B天然咖哩粉 比薩用起司絲(視容器大小） 糖 黑胡椒粉,
256,,,<深夜食堂>醃漬白菜(白菜漬け),https://icook.tw/recipes/388032,白菜 鹽 昆布 辣椒 裝白菜的容器(不要塑膠或金屬的 可以壓白菜的重物,
257,,,白菜燴五花,https://icook.tw/recipes/397317,白菜 五花肉 大白菜 醬油 蒜頭 米酒 鹽 鴻喜菇 水 糖 太白粉水 白胡椒粉 青蔥,
258,,,味噌 炒白蘿蔔豬肉,https://icook.tw/recipes/396767,白蘿蔔 豬肉片 赤味噌 蒜粉(生蒜泥亦可) 淡色味噌 日本美乃滋,
259,,,醃白蘿蔔,https://icook.tw/recipes/381612,白蘿蔔 蒜頭（拍扁） 辣椒 白砂糖 白醋 鹽 紅椒粉 香油,
260,,,第戎芥末白蘿蔔濃湯,https://icook.tw/recipes/392762,白蘿蔔 洋蔥 奶油 馬鈴薯 水 雞高湯塊 第戎芥末 牛奶 鹽 黑胡椒,
261,,,白蘿蔔炒玉米,https://icook.tw/recipes/377324,白蘿蔔 玉米粒 乾香菇 蒜 鹽巴 烹大師 白胡椒 水,
262,,,防疫力提升#8 - 白蘿蔔清湯,https://icook.tw/recipes/394020,白蘿蔔 中型洋蔥 奶油 培根 鹽巴 黑胡椒 高湯,
263,,,蘋果豆瓣醃白蘿蔔泡菜,https://icook.tw/recipes/388483,白蘿蔔 鹽巴 砂糖 薑 豆瓣醬 麻油 糯米醋 蘋果 青蔥 紅辣椒,
264,,,醃白蘿蔔紅蘿蔔🥕不正統作法,https://icook.tw/recipes/394315,白蘿蔔 紅蘿蔔 鹽巴 梅子 蒜頭 二砂 辣椒 糯米醋,
265,,,雪碧醃蘿蔔｜還原韓國炸雞旁的白蘿蔔！,https://icook.tw/recipes/394292,白蘿蔔 蘿蔔 雪碧 大蒜 辣椒 鹽巴 白醋 冰糖（砂糖）,
266,,,白蘿蔔貢丸湯（簡單免顧火）,https://icook.tw/recipes/394101,白蘿蔔 貢丸 香菇水（可不加） 香菇蒂頭（可不加） 香菜末（點綴用） 白胡椒粉 鹽,
267,,,清燉白蘿蔔,https://icook.tw/recipes/366718,白蘿蔔 培根 昆布 鹽巴 茴香,
268,,,香菇白蘿蔔排骨湯粥,https://icook.tw/recipes/384442,白蘿蔔 米 香菇 排骨肉 紅棗 枸杞 水,
269,,,白蘿蔔泥燉魚肚,https://icook.tw/recipes/371165,白蘿蔔 虱目魚肚 白蘿蔔泥 蒜頭 蔥花 醬油 米酒 味霖 糖 水 麵粉,
270,,,豆瓣白蘿蔔,https://icook.tw/recipes/364568,白蘿蔔 蒜碎 辣椒 酒 味霖 自製豆瓣醬鹽分10% 昆布柴魚高湯,
271,,,韓式醃白蘿蔔,https://icook.tw/recipes/368814,白蘿蔔 鹽巴 水 冰糖 白醋,
272,,,寶寶蘿蔔糕（素食菜頭粿）,https://icook.tw/recipes/383157,白蘿蔔 再來米粉 常溫水 紅蘿蔔 香菇,
273,,,韓式白蘿蔔泡菜,https://icook.tw/recipes/367645,白蘿蔔 中大型白蘿蔔 水 細砂糖 白醋 鹽,
274,,,白蘿蔔燉肉🎶,https://icook.tw/recipes/367572,白蘿蔔 豬里肌肉 醬油 薑 米酒 蔥 味醂 水 冰糖,
275,,,免疫力提升#10 - 味增白蘿蔔泥燉魚湯,https://icook.tw/recipes/395388,白蘿蔔 海鱺 鹽巴 小松菜 味霖 醬油 味增,
276,,,地瓜煎餅,https://icook.tw/recipes/397931,地瓜 蕃薯 低筋麵粉 砂糖 無鹽奶油,
277,,,地瓜煎餅,https://icook.tw/recipes/397498,地瓜 雞蛋 中筋麵粉 橄欖油,
278,,,地瓜白飯,https://icook.tw/recipes/394462,地瓜 米 水 食用油,
279,,,黃金地瓜飯,https://icook.tw/recipes/397883,地瓜 紅心地瓜 白米 清水,
280,,,地瓜雞肉濃湯,https://icook.tw/recipes/396741,地瓜 地瓜 (切小塊) 雞肉 (切小塊) 洋蔥 (切丁) 紅蘿蔔 (切丁) 奶油 中筋麵粉 鮮奶 水或高湯,
281,,,地瓜紅豆湯,https://icook.tw/recipes/390769,地瓜 去皮地瓜 紅豆 水 砂糖,
282,,,栗子地瓜餅,https://icook.tw/recipes/396196,地瓜 栗子地瓜 砂糖 奶油 低筋麵粉 玉米粉 奶粉,
283,,,地瓜馬芬,https://icook.tw/recipes/397148,地瓜 無鹽奶油 蛋黃 鹽巴 低筋麵粉 冰蛋白 細砂糖,
284,,,氣炸地瓜球&地瓜餅,https://icook.tw/recipes/387227,地瓜 木薯粉或地瓜粉 沙拉油 糖,
285,,,手工地瓜圓,https://icook.tw/recipes/396980,地瓜 66號地瓜 樹薯粉 太白粉(也可全用樹薯粉替代 糖（可加可不加，最後會泡糖,
286,,,地瓜球,https://icook.tw/recipes/391396,地瓜 糖 糯米粉 地瓜粉 油,
287,,,地瓜布丁,https://icook.tw/recipes/389776,地瓜 鮮奶 糖 全蛋,
288,,,地瓜乳酪蛋捲,https://icook.tw/recipes/393727,地瓜 蛋 燕麥奶 乳酪絲,
289,,,燙地瓜葉,https://icook.tw/recipes/396221,地瓜 地瓜葉 油 蒜末 醬油 油蔥酥 香油 雞粉 燙地瓜水 醬油膏,
290,,,玄米地瓜湯,https://icook.tw/recipes/395629,地瓜 水 田董炒玄米 糖,
291,,,沙拉地瓜,https://icook.tw/recipes/389333,地瓜 冰番薯 Joghurt Cottage cheese 火箭葉 鹽花 á 胡椒,
292,,,寶寶地瓜餅/地瓜球,https://icook.tw/recipes/385886,地瓜 地瓜泥 木薯粉（地瓜粉） 奶粉,
293,,,地瓜派,https://icook.tw/recipes/389485,地瓜 市售6吋派皮 蛋白 奶油 砂糖 鹽巴 牛奶 蛋黃,
294,,,杏鮑菇,https://icook.tw/recipes/395620,杏鮑菇 柏齊醬 醬油 冰糖 水,
295,,,香煎杏鮑菇,https://icook.tw/recipes/396941,杏鮑菇 紅椒 黑胡椒粒 黃椒 鹽巴 法式香草粉,
296,,,三杯杏鮑菇,https://icook.tw/recipes/395672,杏鮑菇 玉米筍 老薑 薑片 蒜頭 九層塔 醬油 砂糖 米酒 沙拉油,
297,,,金沙杏鮑菇,https://icook.tw/recipes/363457,杏鮑菇 蒜末 蔥花 蛋液 小磨坊金沙咸蛋黃風味料 小磨坊白胡椒粉 油 玉米粉,
298,,,炸杏鮑菇,https://icook.tw/recipes/396439,杏鮑菇 麵粉 蛋 水,
299,,,紅燒杏鮑菇 (杏鮑菇保鮮分享）,https://icook.tw/recipes/395800,杏鮑菇 大支杏鮑菇 豬小里肌肉（腰內肉） 白胡椒粉 青蔥 蒜頭 素蠔油或醬油 老薑片 米酒 太白粉 辣椒 油,
300,,,炸杏鮑菇,https://icook.tw/recipes/393753,杏鮑菇 雞蛋 木薯粉 胡椒鹽,
301,,,松露杏鮑菇,https://icook.tw/recipes/395227,杏鮑菇 油 醬油 松露醬 鹽,
302,,,醬燒杏鮑菇,https://icook.tw/recipes/397443,杏鮑菇 蒜頭 羅勒粉 八角 白胡椒粉 二砂（紅糖或一般砂糖都可） 米酒 醬油 香油,
303,,,杏鲍菇炒蘆筍,https://icook.tw/recipes/395027,杏鮑菇 雞蛋 杏鲍菇 蘆筍 甜不辣 鹽巴 烹大師 蒜頭,
304,,,椒鹽杏鮑菇,https://icook.tw/recipes/393082,杏鮑菇 蔥末 胡椒鹽 辣椒粉,
305,,,醬燒杏鮑菇,https://icook.tw/recipes/397011,杏鮑菇 蔥 醬油 水 黑醋 砂糖,
306,,,三杯杏鮑菇雞翅,https://icook.tw/recipes/396170,杏鮑菇 薑片 蒜 辣椒片 三結雞翅 鹽巴 九成塔 米酒 薑 油 麻油 醬油,
307,,,金沙杏鮑菇豆腐,https://icook.tw/recipes/396900,杏鮑菇 雞蛋豆腐 鹹蛋 青蔥 蒜頭 白胡椒粉 砂糖,
308,,,牛肚杏鮑菇,https://icook.tw/recipes/392885,杏鮑菇 現成牛肚 鹽巴 蔥 醬油 大蒜 糖 辣椒 醋 白胡椒粉,
309,,,金砂杏鲍菇,https://icook.tw/recipes/390448,杏鮑菇 熟鹹蛋黃 杏鲍菇 太白粉 油 高湯 蔥花,
310,,,杏鮑菇咖哩雞,https://icook.tw/recipes/390919,杏鮑菇 洋蔥 雞胸肉 白胡椒粉 太白粉 蒜頭 咖哩粉 素蠔油或醬油 油,
311,,,【鳳翅杏鮑菇】濃鮮美味🐓入口驚艷！,https://icook.tw/recipes/389656,杏鮑菇 雞翅 素蠔油 紅辣椒(切絲) 花雕酒 青蔥(切段) 八角 薑(切片) 味醂 黑胡椒 橄欖油 黑麻油 砂糖 清水,
312,,,豆芽菜炒蛋,https://icook.tw/recipes/397285,豆芽菜 雞蛋 蒜頭 鹽巴,
313,,,豆芽菜煎蛋,https://icook.tw/recipes/395692,豆芽菜 韮菜 青蔥 雞蛋 鹽巴 沙拉油,
314,,,鐵板豆芽菜,https://icook.tw/recipes/390477,豆芽菜 洋蔥(切絲) 奶油 蒜末 蔥末 烤肉醬 料理米酒 胡椒粉,
315,,,奶油豆芽,https://icook.tw/recipes/382217,豆芽菜 小黃瓜 有鹽奶油 鹽巴 黑胡椒,
316,,,氣炸豆芽肉捲,https://icook.tw/recipes/396999,豆芽菜 梅花肉片 烤肉醬 蔥 白芝麻,
317,,,虱目魚丸炒豆芽,https://icook.tw/recipes/396569,豆芽菜 大成安心購虱目魚丸 韭菜 鹽 黑胡椒,
318,,,銀芽炒雙蔬,https://icook.tw/recipes/388834,豆芽菜 紅蘿蔔 小黃瓜 蒜頭 安食小品黑豆醬油 安食小品柴魚粉,
319,,,韓式豆芽解酒湯,https://icook.tw/recipes/396738,豆芽菜 黃豆芽 洋蔥 蒜泥 青蔥 醬油 小魚乾 鹽 昆布 黑胡椒 水 韓國辣椒粉 豆腐 韓國牛肉粉 青陽辣椒 韓國芝麻油 韓國蝦醬,
320,,,海鮮炒豆芽菜,https://icook.tw/recipes/384169,豆芽菜 蝦仁 鹽 花枝 胡椒 米酒 香油 醬油,
321,,,銀芽牛肉,https://icook.tw/recipes/369452,豆芽菜 牛肉絲 綠豆芽 蒜片 辣椒 米酒,
322,,,豆芽蛋捲🥚,https://icook.tw/recipes/377376,豆芽菜 蛋 韭菜 水 鮮味炒手 橄欖油 胡椒鹽,
323,,,不出門豆芽菜,https://icook.tw/recipes/382787,豆芽菜 綠豆 水,
324,,,洋蔥豆芽炒豬肉絲,https://icook.tw/recipes/394484,豆芽菜 洋蔥 鹽巴 豬肉絲 烹大師 米酒 大蒜 黑胡椒 白胡椒 韓國辣椒醬 韓國辣椒粉,
325,,,韭菜炒銀芽,https://icook.tw/recipes/370334,豆芽菜 蒜頭 韭菜 油蔥酥 鹽巴 玄米油,
326,,,蒜香胡椒豆芽菜,https://icook.tw/recipes/385999,豆芽菜 醬油 鹽 胡椒 蒜頭 米酒 胡蘿蔔 水 鰹魚粉,
327,,,減重豆芽麵,https://icook.tw/recipes/383369,豆芽菜 冷凍牛肉湯,
328,,,蔥爆豆芽菜,https://icook.tw/recipes/376525,豆芽菜 蔥 醬油 洋蔥 鹽巴 蒜頭 糖 白胡椒 黑胡椒 香油,
329,,,超簡單料理-炒豆芽,https://icook.tw/recipes/392310,豆芽菜 紅蘿蔔 鹽巴 胡椒鹽 蒜頭,
330,,,清炒芥蘭菜,https://icook.tw/recipes/381388,芥藍菜 芥蘭菜 木耳 橄欖油 蒜頭 糖 米酒 辣椒 鹽巴,
331,,,沙茶芥蘭菜,https://icook.tw/recipes/368959,芥藍菜 芥蘭菜 沙茶 醬油,
332,,,5分鐘上菜-蒜香蠔油芥蘭菜,https://icook.tw/recipes/394830,芥藍菜 小磨坊蒜風味油 醬油膏 白芝麻,
333,,,芥蘭炒牛肉,https://icook.tw/recipes/397357,芥藍菜 芥蘭菜 蒜味 牛肉要切片 鹽 蛋白 太白粉,
334,,,炒泰式芥蘭高麗菜,https://icook.tw/recipes/396644,芥藍菜 高麗菜 芥蘭菜 魚露 辣椒切末 金山調味液 蒜頭切末 白胡椒粉 水,
335,,,五花肉炒芥藍,https://icook.tw/recipes/385161,芥藍菜 芥藍 五花肉 醬油 胡椒,
336,,,芥藍炒牛肉,https://icook.tw/recipes/388371,芥藍菜 牛肉片 蒜頭 芥藍 米酒 香菇素蠔油 鹽,
337,,,蒜香芥蘭,https://icook.tw/recipes/359009,芥藍菜 芥蘭菜 蒜頭 鹽 米酒 水,
338,,,芥蘭炒肉絲,https://icook.tw/recipes/359148,芥藍菜 芥蘭菜 豬小里肌肉絲 醬油 橄欖油 水 柴魚粉或鹽（酌量使用）,
339,,,芥蘭炒牛肉,https://icook.tw/recipes/357696,芥藍菜 牛五花 芥蘭菜 醬油 蒜頭末 米酒 辣椒末 白胡椒 糖 蕃薯粉 鹽巴 豆瓣醬,
340,,,炒芥蘭菜,https://icook.tw/recipes/310965,芥藍菜 芥蘭菜 香油 蒜頭 鮮味炒手,
341,,,芥蘭炒肉片,https://icook.tw/recipes/353227,芥藍菜 芥蘭菜 牛肉或豬肉片 麻油 朝天椒粉 鮮味炒手 蒜頭或薑片（看個人）,
342,,,常備菜#12 - 蟹肉棒芥蘭,https://icook.tw/recipes/362853,芥藍菜 芥蘭菜 蟹肉棒 鹽巴 蒜頭,
343,,,芥蘭牛肉🥄🍛,https://icook.tw/recipes/351164,芥藍菜 新鮮牛肉片 芥蘭 米酒 蒜頭 太白粉 塩 水 醬油膏 糖 辣椒 沙茶醬,
344,,,芥蘭牛肉,https://icook.tw/recipes/333538,芥藍菜 芥藍 牛肉 醬油 太白粉 生薑 辣椒,
345,,,月桂葉香芥藍菜,https://icook.tw/recipes/359525,芥藍菜 月桂葉 蒜碎 辣椒 酒 味霖 鹽 昆布柴魚高湯,
346,,,豬肉炒芥藍,https://icook.tw/recipes/350193,芥藍菜 豬胛心/豬里肌 芥藍 蒜頭 辣椒 米酒 醬油膏,
347,,,蒜炒芥藍菜花  (炒青菜整理),https://icook.tw/recipes/369029,芥藍菜 芥藍菜花 葡萄籽油(習慣用油即可) 蒜頭(切末) 鹽巴 米酒,
348,,,韓式金針菇,https://icook.tw/recipes/394804,金針菇 韓式辣椒醬 醬油 黑醋 糖,
349,,,奶油金針菇,https://icook.tw/recipes/394240,金針菇 奶油 醬油 柴魚,
350,,,酥炸金針菇,https://icook.tw/recipes/357427,金針菇 地瓜粉 雞蛋 鹽 白胡椒粉,
351,,,金針菇肉捲,https://icook.tw/recipes/397095,金針菇 全聯梅花肉片 醬油 蔥 味醂 香油 米酒 糖 水,
352,,,涼拌金針菇,https://icook.tw/recipes/388245,金針菇 紅蘿蔔 小黃瓜 蒜頭 青蔥,
353,,,金針菇炒肉片,https://icook.tw/recipes/393089,金針菇 豬里肌肉片(切薄片) 鹽 青蔥 胡椒粉 老薑 米酒 辣椒(可略) 太白粉 小磨坊蒜風味油 水,
354,,,金針菇煎蛋,https://icook.tw/recipes/384095,金針菇 蛋 蔥 鹽巴,
355,,,金針菇煎蛋,https://icook.tw/recipes/385720,金針菇 金針菇（市售包裝） 紅蘿蔔🥕（刨絲） 蔥2根 雞蛋 鮮味炒手 油,
356,,,🐖金針菇炒豬肉,https://icook.tw/recipes/372376,金針菇 豬肉 白胡椒 蒜 五香粉(可省略) 醬油 米酒 1 蠔油 太白粉,
357,,,金針菇蒜頭雞肉湯麵,https://icook.tw/recipes/395930,金針菇 家樂福雞腿肉 麻油 蒜頭 鹽 薑 味精 油麵,
358,,,金針菇肉捲,https://icook.tw/recipes/392079,金針菇 梅花豬肉片 水 醬油,
359,,,鹽麴金針菇肉餅,https://icook.tw/recipes/373246,金針菇 豬瘦絞肉 米酒 雞蛋 鹽麴 蒜泥 醬油 薑泥 黑胡椒粉 太白粉,
360,,,香蔥金針菇肉捲,https://icook.tw/recipes/372032,金針菇 五花肉片 太白粉 蔥 醬油 砂糖,
361,,,涼拌金針菇,https://icook.tw/recipes/373524,金針菇 辣椒 鹽 蔥 糖 蒜 醬油膏 醬油 麻油 辣椒油,
362,,,金針菇豆腐煲,https://icook.tw/recipes/380352,金針菇 玉子豆腐 醬油 蔥 太白粉 蒜 蠔油 糖 開水,
363,,,鮪魚金針菇,https://icook.tw/recipes/370249,金針菇 鮪魚罐頭 辣麻油豆腐乳 海苔 香油,
364,,,氣炸鹹酥金針菇,https://icook.tw/recipes/369998,金針菇 地瓜粉 雞蛋 鹽 植物油 調味料 鹹酥雞鹽,
365,,,金針菇煎餅,https://icook.tw/recipes/376983,金針菇 低筋麵粉 胡椒鹽 糯米粉 蔥末 蛋 水,
366,,,涼拌芥菜,https://icook.tw/recipes/397330,長年菜 芥菜 香菇素蠔油 香油,
367,,,蠔油干貝芥菜,https://icook.tw/recipes/397952,長年菜 芥菜 干貝 蔴油 薑片 蠔油 花雕酒/米酒 胡椒粉 葱薑水 太白粉 塩 冷水,
368,,,「卦菜雞」過年的佳餚「長年菜雞湯」,https://icook.tw/recipes/363244,長年菜 雞 長年菜（卦菜） 薑 鹽巴 水（自己斟酌一下）,
369,,,芥菜肉碎,https://icook.tw/recipes/386975,長年菜 肉碎 芥菜 薑 胡椒粉 醬油 水 鹽,
370,,,刈菜燴干貝,https://icook.tw/recipes/367146,長年菜 刈菜 干貝 太白粉 米酒 薑絲 烹大師,
371,,,新餐肉芥菜心湯 /刈菜長年菜 純素食,https://icook.tw/recipes/359858,長年菜 水 芥菜心 芝麻香油（可改用橄欖油） 薑片 鹽 紅蘿蔔切片 香菇粉 OmniPork新餐肉 白胡椒粉（可省略）,
372,,,芥菜刎仔魚（芥菜去苦）,https://icook.tw/recipes/367182,長年菜 芥菜心旁葉子 吻仔魚 蒜末 薑末 鹽 糖 米酒 小蘇打粉,
373,,,芥菜蛤蠣雞湯（刈菜蛤蠣雞湯）,https://icook.tw/recipes/361544,長年菜 芥菜 雞腿肉 鹽 油（這裡使用日本三和玄米胚芽油 二砂糖 蒜末 米酒 薑片 新鮮香菇 枸杞 蛤蠣 干貝 水(1300ml~1500ml,
374,,,刈菜雞湯,https://icook.tw/recipes/361487,長年菜 刈菜 雞肉 乾干貝 薑 鹽 白胡椒,
375,,,金華火腿刈菜雞湯,https://icook.tw/recipes/367881,長年菜 土雞腿 刈菜 金華火腿 米酒 薑片 各式丸子 鹽,
376,,,芥菜三兄弟豬肚湯,https://icook.tw/recipes/371189,長年菜 豬肚 新鮮芥菜球 清酒 酸菜(只取菜梗部分)切段 薑片 榨菜絲 冷水(蓋過食材的高度) 老薑去皮切成片/絲 燒開熱水 白胡椒粉,
377,,,雙菇燴芥菜,https://icook.tw/recipes/361777,長年菜 芥花心 金針菇 鹽 鴻喜菇 香菇粉 薑 太白粉水,
378,,,辣炒芥菜苗,https://icook.tw/recipes/363719,長年菜 芥菜苗 蒜末 辣椒 米酒 鹽 糖 油,
379,,,香菇蛤蜊刈菜雞,https://icook.tw/recipes/366924,長年菜 放山雞或仿仔雞 刈菜 蛤蜊 薑絲 香菇 高湯 米酒 鹽巴 水,
380,,,富貴連年魚片湯 /芥菜鯛魚腹片,https://icook.tw/recipes/364814,長年菜 鯛魚片 芥菜葉 薑片 鰹魚粉 水 白胡椒粉 芝麻香油,
381,,,芥菜雞,https://icook.tw/recipes/358386,長年菜 桂田土雞肉切塊 芥菜[清洗乾淨用手撥成大塊] 喜馬拉雅岩鹽 嫩薑絲 白胡椒粉 水 [約湯鍋的8分滿],
382,,,lanni 蝦米清燜芥菜梗,https://icook.tw/recipes/360990,"長年菜 大芥菜梗 紅蘿蔔絲 鹽,鮮味抄手 鴻喜菇 蒜末或薑皆可",
383,,,【老菜脯芥菜雞湯】養肝燉湯，春天吃長年菜,https://icook.tw/recipes/366754,長年菜 高家老菜脯 帶骨雞腿 芥菜 香菇 薑片 蒜頭 蛤蠣 枸杞 米酒 水,
384,,,蠔菇青江菜,https://icook.tw/recipes/392964,青江菜 青江菜（心） 新鮮香菇 香菇素蠔油 糖 大蒜,
385,,,炒青江菜,https://icook.tw/recipes/386169,青江菜 青江菜（頂好） 蒜瓣 鹽 水 辣椒（配色用，非必要）,
386,,,青江菜炒肉,https://icook.tw/recipes/390017,青江菜 肉 蒜頭 油 鹽巴,
387,,,自製雪菜/青江菜 小芥菜 油菜,https://icook.tw/recipes/384172,青江菜 小芥菜（青江菜或油菜）一把 鹽,
388,,,青江菜炒鮮菇,https://icook.tw/recipes/393625,青江菜 鴻禧菇 蒜頭 油 鹽,
389,,,牛小排炒青江菜,https://icook.tw/recipes/388105,青江菜 Costco無骨牛小排燒烤片 醬油 香菇（可省略） 白胡椒 蠔油 辣椒 玉米粉（太白粉也可以） 米酒 蒜頭 食用油 黑胡椒 水,
390,,,香菇燴青江菜,https://icook.tw/recipes/382192,青江菜 香菇 鰹魚露 水 蒜頭 太白粉 糖,
391,,,清炒香菇青江菜,https://icook.tw/recipes/383354,青江菜 香菇 鹽巴,
392,,,青江菜豬肉蔥水餃,https://icook.tw/recipes/384435,青江菜 豬里肌五花絞肉 粉蔥 水餃皮 薑泥 香油 黑胡椒 米酒 清醬油,
393,,,蒜香青江菜（炒青菜）,https://icook.tw/recipes/378491,青江菜 蒜頭 魚露 鹽 米酒 二砂糖,
394,,,青江菜炒鮮菇,https://icook.tw/recipes/382406,青江菜 鮮香菇 薑絲 鹽,
395,,,簡易版青江菜飯,https://icook.tw/recipes/387151,青江菜 培根 木耳 安食小品柴魚粉 安食小品醬鹽 米,
396,,,滑溜瑤柱青江菜,https://icook.tw/recipes/377051,青江菜 金針菇 蒜 鹽,
397,,,金針菇炒青江菜,https://icook.tw/recipes/367865,青江菜 金針菇 鹽 蒜頭 米酒 辣椒 水,
398,,,豬柳翡翠飯糰,https://icook.tw/recipes/375019,青江菜 白飯 豬里肌肉 白胡椒粉 素蠔油(或油膏) 蒜頭 玉米粉(或太白粉) 鹽巴 葡萄籽油(慣用油即可) 黑胡椒粒,
399,,,三杯杏鮑菇佐青江菜,https://icook.tw/recipes/389570,青江菜 杏鮑菇 薑片 蒜粒 麻油 冰糖 素蠔油 醬油 米酒 辣椒末,
400,,,超甜的蒜末清炒青江菜,https://icook.tw/recipes/370738,青江菜 蒜末 白胡椒粉 鹽,
401,,,青江菜/雪菜水餃,https://icook.tw/recipes/364715,青江菜 鹽(醃菜用) 豬絞肉 蔥 薑末 高麗菜(也可用青江菜) 米酒 醬油 香油 胡椒 鹽 水餃皮,
402,,,焗烤彩椒甜椒,https://icook.tw/recipes/397288,青椒 牛絞肉 蒜頭切末 洋蔥切丁 彩椒 義式香料 紅椒粉 黑胡椒 雙色起司 罐頭義大利麵紅醬,
403,,,彩椒炒牛肉,https://icook.tw/recipes/379609,青椒 火鍋牛肉片 青椒紅椒黃椒 蛋黃 杏鮑菇 太白粉 醬油 蔥 清酒 油膏 蒜頭 薑泥 水 紅糖（黑糖） 玉米粉,
404,,,花椒燒雞球（簡單煮）杏鮑菇青椒快炒雞肉,https://icook.tw/recipes/382316,青椒 去骨雞腿 杏鮑菇 米酒 青椒（小型） 胡椒粉 花椒粉 蒜頭 鹽 辣豆瓣醬 薑片 糖 醬油膏 蔥 地瓜粉 油,
405,,,彩椒鑲肉,https://icook.tw/recipes/397146,青椒 黃 絞肉 蒜末 醬油 豆瓣醬 糖 水,
406,,,甜椒炒蘑菇,https://icook.tw/recipes/398130,青椒 蘑菇 甜椒（小顆） 洋蔥 羅勒葉 黑胡椒 鹽巴 無鹽奶油 白葡萄酒（可不加） 食用油,
407,,,蒸烤彩椒,https://icook.tw/recipes/396274,青椒 彩椒,
408,,,青椒炒肉絲,https://icook.tw/recipes/385098,青椒 梅花肉 醬油 辣椒 黑胡椒粉 蒜頭 鹽,
409,,,青椒炒肉片,https://icook.tw/recipes/396390,青椒 里肌肉排 太白粉 紅蘿蔔片 米酒 醬油 油 水,
410,,,糖醋彩椒雞丁,https://icook.tw/recipes/394441,青椒 雞胸肉 彩椒黃 蒜末 彩椒紅 醬油 番茄醬 米酒 白醋 沙拉油 砂糖 木薯粉（地瓜粉）,
411,,,甜椒皮蛋,https://icook.tw/recipes/390010,青椒 皮蛋 蒜片 味精 甜椒 胡椒粉 素蠔油 金門高梁酒,
412,,,青椒豬肉炒飯,https://icook.tw/recipes/396297,青椒 白飯 豬肉絲 雞蛋 洋蔥 醬油 鹽巴 黑胡椒粉,
413,,,彩椒炒牛肉,https://icook.tw/recipes/393356,青椒 紅椒 黃椒 黑胡椒 龜甲萬甘甜醬油 蒜碎 李錦記蠔油 鴻禧菇 米酒 安格斯無骨牛小排切條 味霖,
414,,,彩椒鹹豬肉串,https://icook.tw/recipes/391641,青椒 鹹豬肉 彩椒三種,
415,,,紅椒雞翅,https://icook.tw/recipes/382171,青椒 雞翅(二節翅) 小磨坊匈牙利紅椒粉 黑胡椒粒 低(中)筋麵粉 鹽 水 米酒,
416,,,鳳梨甜椒雞丁,https://icook.tw/recipes/393620,青椒 雞肉 甜椒 油膏 鳳梨罐頭 米酒 青蔥,
417,,,青椒肉絲,https://icook.tw/recipes/388964,青椒 豬肉絲 蒜瓣 紅甜椒 烏醋 白胡椒 鹽 太白粉 米酒 香油 醬油,
418,,,青椒炒雞胸肉,https://icook.tw/recipes/393933,青椒 去皮雞胸肉 豆干 豆豉 醬油 米酒 蒜頭,
419,,,彩椒蝦仁,https://icook.tw/recipes/379887,青椒 蔥 蝦仁 紅彩椒 黃彩椒,
420,,,洋蔥豬肉,https://icook.tw/recipes/397230,洋蔥 梅花肉片 味醂 醬油 烹大師柴魚粉,
421,,,洋蔥雞湯,https://icook.tw/recipes/392754,洋蔥 去骨雞腿排 鹽 蒜頭 黑胡椒 鴻禧菇 白胡椒 蔥,
422,,,洋蔥炒雞肉,https://icook.tw/recipes/396692,洋蔥 切塊雞腿肉 醬油 糖 米酒 水 白胡椒粉 蔥 太白粉 蒜頭,
423,,,洋蔥炒豬肉,https://icook.tw/recipes/396640,洋蔥 梅花肉 洋蔥（小顆） 米酒 胡椒 油 醬油 黑胡椒,
424,,,鮪魚洋蔥沙拉,https://icook.tw/recipes/396061,洋蔥 鮪魚罐頭 醬油膏,
425,,,黑胡椒洋蔥肉絲,https://icook.tw/recipes/395742,洋蔥 豬里肌 醬油 蒜頭 胡椒粉 蠔油 黑胡椒 糖 太白粉,
426,,,洋蔥奶油炊飯,https://icook.tw/recipes/392258,洋蔥 米 月桂葉 巴西利/百里香/細香蔥（可略） 橄欖油 無鹽奶油 白酒（可略） 水,
427,,,洋蔥鹹豬肉,https://icook.tw/recipes/388922,洋蔥 鹹豬肉 米酒 芹菜 雞粉 紅蘿蔔 鮑魚菇 蒜頭,
428,,,洋蔥皮蛋,https://icook.tw/recipes/387305,洋蔥 皮蛋 香菜末 蒜碎 辣椒碎,
429,,,洋蔥湯,https://icook.tw/recipes/387832,洋蔥 牛肉濃縮高湯 奶油 橄欖油 蒜頭 迷迭香葉 月桂葉 黑胡椒 鹽巴 起司粉,
430,,,洋蔥蛋花湯,https://icook.tw/recipes/388652,洋蔥 蛋 香油 蔥花,
431,,,洋蔥炒豬肉,https://icook.tw/recipes/393532,洋蔥 火鍋肉片 蛋 蔥花,
432,,,洋蔥雞湯,https://icook.tw/recipes/383961,洋蔥 雞腿肉 洋蔥 (小型) 鮮雞晶 香油 白胡椒粉 青蔥,
433,,,涼拌洋蔥,https://icook.tw/recipes/385112,洋蔥 迷迭香醋（或其他果醋） 柴魚片 杏仁片,
434,,,洋蔥蛋花湯,https://icook.tw/recipes/383361,洋蔥 蛋 鰹魚醬油 太白粉 味醂 蒜頭 麻油 薑 水,
435,,,洋蔥鮭魚,https://icook.tw/recipes/382542,洋蔥 鮭魚排 鹽巴 鰹魚醬油,
436,,,洋蔥炒蛋,https://icook.tw/recipes/381825,洋蔥 蛋 醬油 糖 鹽巴,
437,,,黑胡椒洋蔥雞胸肉,https://icook.tw/recipes/391922,洋蔥 雞胸肉 黑胡椒粉 醬油 醬油膏 糖,
438,,,馬鈴薯燉肉,https://icook.tw/recipes/398182,馬鈴薯 牛肉片 紅蘿蔔 日式醬油 清酒 白糖 洋蔥,
439,,,馬鈴薯沙拉,https://icook.tw/recipes/395342,馬鈴薯 紅蘿蔔 二砂 美乃滋,
440,,,馬玲薯起士球,https://icook.tw/recipes/386198,馬鈴薯 馬玲薯 起士片或起士絲 蛋 牛奶 麵粉 麵包粉,
441,,,馬鈴薯煎餅,https://icook.tw/recipes/395738,馬鈴薯 蛋 麵粉 鹽 胡椒粉,
442,,,馬鈴薯咖哩,https://icook.tw/recipes/395417,馬鈴薯 佛蒙特中辣 爪哇辣味 豬絞肉 胡蘿蔔 洋蔥 米酒 薑黃粉 熱水,
443,,,lanni 酥炸洋芋,https://icook.tw/recipes/397166,馬鈴薯 玉米粉 胡椒鹽,
444,,,馬鈴薯泥,https://icook.tw/recipes/392640,馬鈴薯 奶油 安食小品醬鹽 黑胡椒 無糖優格 鮮奶 好食光果醬,
445,,,氣炸鍋 馬鈴薯洋芋片,https://icook.tw/recipes/397525,馬鈴薯 油 鹽巴,
446,,,馬鈴薯沙拉,https://icook.tw/recipes/394197,馬鈴薯 胡蘿蔔 玉米粒 雞蛋 沙拉醬 蘋果 鹽巴,
447,,,火山馬鈴薯泥,https://icook.tw/recipes/397798,馬鈴薯 紅蘿蔔 絞肉 沙茶醬/豆瓣醬(看個人口味) 蔥 薑 蒜 鹽 太白粉水,
448,,,馬鈴薯風琴,https://icook.tw/recipes/393730,馬鈴薯 培根 起司 綜合香料,
449,,,乾鍋馬鈴薯,https://icook.tw/recipes/396968,馬鈴薯 馬鈴薯切片 五花肉切塊 蒜頭切半 乾辣椒切段 辣豆瓣醬 青椒切塊 蠔油 糖 紹興酒,
450,,,馬鈴薯沙拉,https://icook.tw/recipes/391672,馬鈴薯 雞蛋 甜的蛋沙拉醬 細砂糖 無鹽奶油 牛奶吐司,
451,,,香腸炒馬鈴薯,https://icook.tw/recipes/396459,馬鈴薯 德國煙腸，切塊 馬鈴薯，切簽 鹽,
452,,,咖哩馬鈴薯,https://icook.tw/recipes/391081,馬鈴薯 紅蘿蔔 鹽巴 碗豆 菇王蔬食咖哩拌醬,
453,,,黃金菇馬鈴薯,https://icook.tw/recipes/396203,馬鈴薯 黃金菇 肉豆（或培根） 蒜頭粉（或蒜末） 無鹽奶油,
454,,,寶寶馬鈴薯泥,https://icook.tw/recipes/395219,馬鈴薯 馬鈴薯,
455,,,奶油蘑菇馬鈴薯,https://icook.tw/recipes/395312,馬鈴薯 蘑菇(依個人喜好) 奶油(依個人喜好) 蒜末 洋蔥 海鹽 黑胡椒 義大利香料(可省略) 迷迭香(可省略),
456,,,香菇豆乾丁,https://icook.tw/recipes/378699,乾香菇 豆乾丁 香菇 蔥段 蒜頭 辣椒 薑塊 醬油 蠔油 白胡椒粉 冰糖 滷包,
457,,,香菇肉燥拌乾麵,https://icook.tw/recipes/389388,乾香菇 香菇肉燥 蕎麥麵 荷包蛋,
458,,,辣味香菇XO醬乾麵,https://icook.tw/recipes/386810,乾香菇 麵條 大將軍辣味香菇xo醬 香菇 枸杞 紅棗 湯鍋 豆皮,
459,,,塔香香菇豆干*萍姊,https://icook.tw/recipes/353853,乾香菇 豆干 素火腿 辣椒 九層塔 彩椒 沙茶醬 素蠔油 糖 黑胡椒粒,
460,,,豆乾香菇炒肉燥,https://icook.tw/recipes/327972,乾香菇 豬絞肉 豆乾 蒜末 鹽巴 蠔油 胡椒粉 -醃肉料,
461,,,香菇豆乾肉燥,https://icook.tw/recipes/351220,乾香菇 油 乾香菇（約10-12朵） 胡椒鹽 水（泡香菇用） 米酒 蠔油 豆乾 油蔥酥 糖 絞肉 青蔥油 鹽巴 蝦皮🦐 醬油 水（燉煮用） 蒜頭🧄,
462,,,「滷野生香菇山苦瓜佐小魚乾」,https://icook.tw/recipes/353024,乾香菇 山苦瓜 小魚乾 水 醬油 糖 辣椒,
463,,,香菇豆干炒肉燥,https://icook.tw/recipes/329186,乾香菇 絞肉 豆干 醬油 香菇 糖 蔥 醋 薑 黑胡椒粉 蒜 辣椒 米酒,
464,,,香菇炒翼豆,https://icook.tw/recipes/397222,乾香菇 翼豆 鹽巴,
465,,,彩蔬蒟蒻涼麵【老干媽香菇油辣椒】,https://icook.tw/recipes/350490,乾香菇 蒟蒻絲 鹽 醬油 紅蘿蔔 香油 甜椒 烏醋 小黃瓜 胡椒粉 蛋 老干媽香菇油辣椒 冰水(冰鎮食材用),
466,,,兩步驟簡易香菇雞湯,https://icook.tw/recipes/395613,乾香菇 雞小腿 雞湯塊 礦泉水,
467,,,鮪魚卵佐乾香菇鮮魚醬,https://icook.tw/recipes/300072,乾香菇 鮪魚卵 水 奶油 小牛高湯 鹽 檸檬 迷迭香,
468,,,蒜頭香菇雞湯,https://icook.tw/recipes/394294,乾香菇 雞腿 鹽巴 蒜頭 米酒 薑,
469,,,高麗菜飯,https://icook.tw/recipes/392390,乾香菇 米 高麗菜絲 醬油 胡椒粉 泡香菇的,
470,,,炒長豆,https://icook.tw/recipes/396906,乾香菇 長豆 蝦米 蒜頭 油 香菇水 塩 烹大師,
471,,,寶寶蘿蔔糕（1歲以前可吃）🔹樂樂瑪麻,https://icook.tw/recipes/397629,乾香菇 再來米粉 開水 白蘿蔔 紅蘿蔔 乾香菇,
472,,,古早味芋頭鹹粥,https://icook.tw/recipes/397263,乾香菇 紅蔥頭 鹽巴 胡椒粉 芋頭 米 芹菜 乾香菇,
473,,,上湯白菜（副食品版）,https://icook.tw/recipes/397063,乾香菇 去骨雞腿 娃娃菜 薑絲 鹽 油,
474,,,西紅柿魚（蕃茄魚）,https://icook.tw/recipes/392036,番茄 鱸魚 西紅柿（牛蕃茄） 蔥花 薑片 醬油 米酒 糖 黑胡椒 蕃茄醬 香油 玉米粉,
475,,,番茄炒蛋,https://icook.tw/recipes/395935,番茄 雞蛋 蔥花 蒜頭 砂糖 油 鹽 碎薑沫 水,
476,,,蕃茄炒蛋,https://icook.tw/recipes/393592,番茄 牛蕃茄 蛋 油 蒜頭 塩 糖 烹大師 水 蕃茄醬,
477,,,番茄炒蛋,https://icook.tw/recipes/394909,番茄 蔥 雞蛋 香菇耗油,
478,,,番茄雞蛋麵,https://icook.tw/recipes/397593,番茄 雞里肌肉 雞蛋 高麗菜or小白菜 薑絲 胡麻油 水 麵條,
479,,,番茄蛋花湯,https://icook.tw/recipes/393605,番茄 雞蛋 醬油 豆腐 鹽巴 白蔥花 鮮味 綠蔥花 胡椒鹽 金針菇,
480,,,蕃茄牛肉湯,https://icook.tw/recipes/396405,番茄 牛蕃茄 紅蘿蔔 洋蔥 海鹽 香料,
481,,,油漬小番茄,https://icook.tw/recipes/396818,番茄 小蕃茄 卡薩斯花都頂級初榨橄欖油 大蒜 海鹽 香草（迷迭香／百里香）,
482,,,蕃茄牛肋,https://icook.tw/recipes/396502,番茄 牛肋條 牛蕃茄 滷包 紅蘿蔔 無添加醬油 研磨胡椒粒 洋蔥 辣豆瓣醬 蒜頭 赤藻糖 薑片 蔥段,
483,,,lanni 酸甜蕃茄,https://icook.tw/recipes/395635,番茄 蕃茄 糖 白醋 酸梅,
484,,,紅燒番茄牛肉湯《紅燒番茄牛肉麵》,https://icook.tw/recipes/393439,番茄 牛肋條 洋蔥 紅蘿蔔 白蘿蔔 牛番茄 蔥 薑片 蒜頭 辣椒 醬油 豆瓣醬 蠔油 五香粉 月桂葉 小白菜 烏龍麵,
485,,,番茄炒蛋(二),https://icook.tw/recipes/397071,番茄 黑柿蕃茄 蕃茄醬 雞蛋 熱水 鹽 香油 白胡椒粉 糖 蔥,
486,,,番茄牛肉麵,https://icook.tw/recipes/392473,番茄 牛肋條 洋蔥 芹菜 白蘿蔔 薑 蔥 蒜 辣椒 蛋 豆瓣醬 青菜 麵條 滷香包,
487,,,番茄炒蛋,https://icook.tw/recipes/391412,番茄 蛋 牛番茄 鹽巴,
488,,,番茄炒蛋,https://icook.tw/recipes/388455,番茄 牛番茄 蛋 鹽巴 番茄醬,
489,,,番茄蛋花湯(二),https://icook.tw/recipes/396629,番茄 黑柿蕃茄 土雞蛋 蔥 熱水 鹽 糖 香油 白胡椒粉,
490,,,番茄炒蛋（西紅柿炒蛋）,https://icook.tw/recipes/375927,番茄 大番茄 雞蛋 鹽巴 糖 米酒 水 蔥花,
491,,,蕃茄豆腐,https://icook.tw/recipes/390969,番茄 豆腐 蕃茄 蔥 薑泥 蕃茄醬 鹽 白胡椒粉,
492,,,鮮蝦冬粉,https://icook.tw/recipes/391325,蝦子 鮮蝦 冬粉 米酒 高麗菜 薑片 薄塩醬油 糖 鹽,
493,,,鮮蝦豆腐鍋,https://icook.tw/recipes/396754,蝦子 金針菇 豆腐 火鍋料,
494,,,鮮蝦粉絲煲,https://icook.tw/recipes/396081,蝦子 粉絲 全聯蝦子 全聯細絞肉 蔥花 洋蔥 辣椒 蒜末 蠔油 醬油 胡椒粉 米酒 糖,
495,,,蒜炒鮮蝦,https://icook.tw/recipes/393567,蝦子 鮮蝦 蒜末 太白粉 胡椒鹽 鹽,
496,,,鮮蝦玉米高麗菜水餃,https://icook.tw/recipes/397033,蝦子 高麗菜 韭菜 鹽 薑 五香粉 豬絞肉 醬油 玉米粒 香油 水餃皮,
497,,,蒜香鮮蝦蘆筍,https://icook.tw/recipes/381375,蝦子 蘆筍 蒜頭 米酒 水 黃甜椒 紅甜椒 鹽,
498,,,鮮蝦扁食湯,https://icook.tw/recipes/392883,蝦子 蒜 蒜頭 安食小品黑豆醬油 安食小品柴魚粉 鹽 白胡椒粉 香油 清水,
499,,,玻璃罐鮮蝦沙拉,https://icook.tw/recipes/396414,蝦子 義大利麵 毛豆 蘿蔓葉 廣達香義大利油醋,
500,,,鮮蝦南瓜濃湯,https://icook.tw/recipes/392000,蝦子 大蝦仁 南瓜 米酒 洋蔥 鹽 蒜頭 黑胡椒粉 玉米粉或太白粉 棕櫚糖或二砂,
501,,,鮮蝦豆腐煲,https://icook.tw/recipes/392367,蝦子 雞蛋豆腐 金針菇（切小段） 紅蘿蔔 香菜 木耳 杏鮑菇（切薄片） 雪白菇（鴻禧菇）,
502,,,什錦炒鮮蝦,https://icook.tw/recipes/391619,蝦子 大白蝦 蘆筍 白胡椒粉 玉米筍 鹽巴 有機木耳 太白粉 蒜頭 辣椒 油,
503,,,椒鹽泰國蝦,https://icook.tw/recipes/380995,蝦子 泰國蝦 蒜頭 辣椒 米酒 黑胡椒粒 海鹽 蔥,
504,,,韓式泡菜鮮蝦水餃,https://icook.tw/recipes/394783,蝦子 蝦仁 泡菜(切小塊) 蒜泥 水餃皮 麻油 醬油 白醋 太白粉 辣椒碎 鹽 白胡椒 米酒,
505,,,鮮蝦蛤蠣粉絲煲,https://icook.tw/recipes/393999,蝦子 日正寬粉絲 蛤蠣 薑蒜碎 芹菜末 蔥花 鹽巴 味霖 洋蔥 米酒 蠔油,
506,,,三杯鮮蝦,https://icook.tw/recipes/381567,蝦子 中南美白蝦 九層塔 麻油 蒜油/或蒜頭 醬油 米酒 黑胡椒,
507,,,鮮蝦干貝炒飯,https://icook.tw/recipes/390136,蝦子 干貝 鮮蝦 紅蘿蔔 洋蔥 毛豆 鴻禧菇 甜不辣 蒜末 蔥花 鹽 胡椒 香料,
508,,,鮮蝦蘆筍,https://icook.tw/recipes/378660,蝦子 蘆筍 鹽巴 酒 蒜頭 油,
509,,,青花筍炒鮮蝦,https://icook.tw/recipes/393841,蝦子 去殼白蝦 青花筍 鹽巴 洋蔥 胡椒粉 小磨坊蒜風味油 米酒 小磨坊黑胡椒粉 開水,
510,,,牛肉炒飯,https://icook.tw/recipes/393252,牛肉 米 牛肉條 蔥 高麗菜 玉米 醬油 油,
511,,,牛肉湯,https://icook.tw/recipes/393748,牛肉 牛腱 番茄 醬油 紅蘿蔔 辣豆瓣醬 蔥 鹽 糖 牛肉滷包,
512,,,牛肉醬,https://icook.tw/recipes/393703,牛肉 香菇丁 熟花生碎 蒽 牛肉丁 薑片 紅辣椒 洋蔥 辣椒粉（不辣的那種） 蒜 薑碎 大料,
513,,,韭黃牛肉 / 家常菜,https://icook.tw/recipes/396809,牛肉 牛肉絲 韭黃 醬油 蒜頭 糖 辣椒 油 鹽 水 太白粉或蛋白,
514,,,滷牛肉,https://icook.tw/recipes/392421,牛肉 蔥 中藥行滷包 水量 醬油 糖,
515,,,清燉牛肉湯,https://icook.tw/recipes/396422,牛肉 白蘿蔔 紅蘿蔔 玉米 洋蔥 香菜 薑片 八角 米酒 鹽巴 醬油,
516,,,沙茶牛肉 （沙茶牛肉炒空心菜）,https://icook.tw/recipes/393193,牛肉 牛里肌肉 空心菜 白胡椒粉 蒜頭 沙茶醬(含油) 沙茶醬(不含油) 蔥 太白粉 醬油 老薑片 水 米酒 辣椒 鹽 油,
517,,,牛肉咖哩燴飯,https://icook.tw/recipes/396490,牛肉 S&B特製咖哩粉 牛肉片 鹽 炸過紅蔥頭 味精 馬鈴薯 水 胡蘿蔔片,
518,,,牛肉香菜煎餅,https://icook.tw/recipes/395061,牛肉 香菜 牛肉絲 中筋麵粉 雞蛋 安食小品醬鹽 砂糖 香油 胡椒粉 水,
519,,,水煮牛肉,https://icook.tw/recipes/397828,牛肉 蔥花 大蔥 大辣椒 香菜（可有可無） 花椒 牛五花火鍋片 辣椒麵（粉）（可有可無） 優質橄欖油 青菜 鹽 黑胡椒粉 蒜頭 米酒 辣豆瓣醬 水 醬油 香油 玉米粉或太白粉 棕櫚糖或二砂 鹽（調味用）,
520,,,紅酒牛肉咖哩,https://icook.tw/recipes/396836,牛肉 S&B 金牌咖哩塊（甜味） 牛肋條 馬鈴薯 紅蘿蔔 洋蔥 紅酒 花椰菜 白飯,
521,,,蔥爆牛肉,https://icook.tw/recipes/394514,牛肉 牛肉片 蔥段 醬油 蒜片 米酒 蠔油 辣椒 烏醋 太白粉 胡椒,
522,,,牛肉豆腐卷,https://icook.tw/recipes/393987,牛肉 中華嫩豆腐 水 蔥 醬油 味醂,
523,,,牛肉丼飯,https://icook.tw/recipes/394029,牛肉 米 醬油 洋蔥 味淋 雞蛋 清酒 糖,
524,,,清燉牛肉,https://icook.tw/recipes/391376,牛肉 洋蔥 薑 牛腱肉 黑胡椒粒,
525,,,空心菜炒牛肉,https://icook.tw/recipes/393998,牛肉 空心菜 蒜碎 味霖 鹽巴或鮮味炒手代鹽 蠔油,
526,,,【牛肉料理】紅酒燉牛肉,https://icook.tw/recipes/386870,牛肉 牛肋條 西洋芹 黑胡椒粉 胡蘿蔔 鹽 洋蔥 番茄醬 蘑菇 番茄 培根 麵粉 紅酒 罐頭高湯 奶油,
527,,,滴牛肉精,https://icook.tw/recipes/393272,牛肉 薑片,
528,,,滷白菜,https://icook.tw/recipes/397607,白菜 包心白 薑 紅蘿蔔 香菇 豆皮 魚塊(市場賣炸好) 烏醋,
529,,,白菜滷,https://icook.tw/recipes/395616,白菜 大白菜 扁魚 蝦米 乾香菇 紅蘿蔔絲 鹽 米酒,
530,,,開陽白菜,https://icook.tw/recipes/395112,白菜 蝦米(以熱水泡過) 薑 橄欖油 鹽 太白粉 蔥 水(或高湯),
531,,,干貝白菜雞湯,https://icook.tw/recipes/398093,白菜 雞翅 薑片 金華火腿 干貝 包心白菜 鹽 米酒 水,
532,,,白菜滷,https://icook.tw/recipes/393967,白菜 大白菜 紅蘿蔔 醬油 豆皮 醬油膏 肉羹 烏醋 乾香菇 糖 蒜頭 白胡椒 櫻花蝦 木薯粉,
533,,,白菜滷,https://icook.tw/recipes/392913,白菜 小白菜 蒜頭 乾香菇（切絲） 蔥 絞肉（大約10元） 蝦米（1湯匙） 橄欖油 醋 鹽巴 雞粉,
534,,,白菜丸子鍋,https://icook.tw/recipes/395133,白菜 櫻花蝦 豬絞肉 日式高湯包 Costco 超大蝦仁 水 蔥白末 鹽 米酒 白胡椒粉 鹽巴 太白粉 蛋,
535,,,白菜豆腐湯,https://icook.tw/recipes/396848,白菜 高湯 蕃茄 豆腐 小白菜 鹽 白胡椒粉 香油,
536,,,魯白菜,https://icook.tw/recipes/388923,白菜 乾香菇 雞高湯 蝦米 水  （適狀況做調整） 金針菇 紅蘿蔔 豆包 木耳 干貝絲（可省略） 蒜頭,
537,,,白菜柿子涼拌,https://icook.tw/recipes/395142,白菜 柿子 鹽 海帶芽,
538,,,雞胸白菜鍋,https://icook.tw/recipes/396694,白菜 雞胸肉 大白菜 冬粉 紅蘿蔔 黑木耳 喜歡的火鍋丸和凍豆腐 清水 柴魚粉 鹽 太白粉,
539,,,白菜滷,https://icook.tw/recipes/387779,白菜 乾香菇 醬油 乾蝦仁(金鈎蝦) 烏醋 薑片 胡椒粉 豬肉片(絲) 鹽 魚皮 味精 香菜 (選配),
540,,,白菜滷,https://icook.tw/recipes/389284,白菜 大白菜 黑木耳 乾蝦仁 胡蘿蔔 辣椒 雞蛋 油 豬肉/新鮮魷魚（可略） 膨皮/豆皮 高湯/水 鰹魚粉 鹽 胡椒粉 香油,
541,,,開陽白菜,https://icook.tw/recipes/391176,白菜 大白菜 蝦米（開陽） 香菇（水） 胡蘿蔔 蒜頭 鰹魚粉 胡椒粉 鹽 香油 高湯/水,
542,,,獅子頭白菜,https://icook.tw/recipes/383489,白菜 絞肉（細） 醬油 秀珍菇 米酒 鰹魚醬油 蘑菇 香油 蛋餃 白胡椒粉 燕餃,
543,,,咖哩奶汁焗白菜,https://icook.tw/recipes/397139,白菜 娃娃白菜 洋蔥 紅蘿蔔 蒜末 奶油 低筋麵粉 牛奶 S&B金牌咖哩塊（純素） S&B天然咖哩粉 比薩用起司絲(視容器大小） 糖 黑胡椒粉,
544,,,<深夜食堂>醃漬白菜(白菜漬け),https://icook.tw/recipes/388032,白菜 鹽 昆布 辣椒 裝白菜的容器(不要塑膠或金屬的 可以壓白菜的重物,
545,,,白菜燴五花,https://icook.tw/recipes/397317,白菜 五花肉 大白菜 醬油 蒜頭 米酒 鹽 鴻喜菇 水 糖 太白粉水 白胡椒粉 青蔥,
546,,,煎雞蛋豆腐,https://icook.tw/recipes/396688,雞蛋 雞蛋豆腐 蔥花,
547,,,雞蛋豆腐,https://icook.tw/recipes/325050,雞蛋 無糖豆漿 鹽 玉米粉,
548,,,氣炸雞蛋豆腐,https://icook.tw/recipes/395204,雞蛋 雞蛋豆腐 麵包粉 黑胡椒粉 胡椒鹽,
549,,,雞蛋絲瓜,https://icook.tw/recipes/392960,雞蛋 金剛絲瓜 酒 薑 鹽 雞粉,
550,,,番茄雞蛋麵,https://icook.tw/recipes/397593,雞蛋 番茄 雞里肌肉 高麗菜or小白菜 薑絲 胡麻油 水 麵條,
551,,,香煎雞蛋豆腐,https://icook.tw/recipes/396206,雞蛋 雞蛋豆腐 蔥花 蒜末 黑胡椒粉,
552,,,絲瓜燴雞蛋,https://icook.tw/recipes/395118,雞蛋 絲瓜 雞蛋,
553,,,花形雞蛋捲,https://icook.tw/recipes/395128,雞蛋 「S&B 天然純咖哩粉」 魚板 秋葵(裝飾),
554,,,#156 番茄雞蛋豆腐,https://icook.tw/recipes/397050,雞蛋 豆腐 番茄 番茄汁 (牛番茄擠出來的) 番茄醬 蒜頭 醬油 青蔥 砂糖 鹽巴 白胡椒粉 清水 太白粉,
555,,,快速醃鹹雞蛋,https://icook.tw/recipes/376225,雞蛋 高度白酒 花椒 白醋 八角 桂皮 月桂葉 不加碘海鹽,
556,,,雞蛋布丁,https://icook.tw/recipes/387533,雞蛋 牛奶(奶粉泡的或鮮奶皆可) 糖 奶油,
557,,,杏仁片雞蛋餅乾,https://icook.tw/recipes/396579,雞蛋 奶油 糖粉 全蛋液 奶粉 低筋麵粉 蛋黃液 杏仁片,
558,,,雞蛋牛奶烤布丁,https://icook.tw/recipes/397268,雞蛋 牛奶 白沙糖,
559,,,雞蛋布丁,https://icook.tw/recipes/384589,雞蛋 蛋 砂糖 鮮奶,
560,,,"雞蛋
布丁",https://icook.tw/recipes/384575,雞蛋 蛋 牛奶 糖 水,
561,,,雞蛋豆腐燒,https://icook.tw/recipes/391110,雞蛋 雞蛋豆腐 青椒（可略） 乳酪絲/起司（可略） 鹽巴,
562,,,雞蛋湯麵,https://icook.tw/recipes/380161,雞蛋 米麵 乾香菇 青江菜 蝦米 蔥 調味(鹽/糖/白醋/胡椒粉),
563,,,鐵鍋雞蛋餅,https://icook.tw/recipes/395390,雞蛋 麵粉 牛奶 鹽 油,
564,,,高麗菜粥,https://icook.tw/recipes/396959,高麗菜 米 高湯 紅蘿蔔絲 香菇絲 絞肉 白胡椒粉 鹽巴 油蔥酥 蝦米 醬油,
565,,,高麗菜飯,https://icook.tw/recipes/392390,高麗菜 米 高麗菜絲 醬油 乾香菇 胡椒粉 泡香菇的,
566,,,高麗菜封,https://icook.tw/recipes/394834,高麗菜 蔥 八角 辣椒 薑片 黃豆醬 醬油 鹽 糖,
567,,,清炒高麗菜,https://icook.tw/recipes/397710,高麗菜 鮮香菇 蒜頭 辣椒 鹽 雞粉 白胡椒粉 熱水,
568,,,🌟蛋包高麗菜,https://icook.tw/recipes/398178,高麗菜 高麗菜-切絲 雞蛋 櫻花蝦 胡椒鹽 醬油膏,
569,,,韭黃高麗菜水餃,https://icook.tw/recipes/396282,高麗菜 豬絞肉 水餃皮 韭黃 香油 塩 烹大師 胡椒,
570,,,砂鍋高麗菜,https://icook.tw/recipes/393040,高麗菜 香菇蒂 醬油 薑片 二砂糖 油 黑胡椒粒 紅辣椒 鹽,
571,,,悶燒高麗菜,https://icook.tw/recipes/392368,高麗菜 蒜頭 鹽/鮮味炒手 白胡椒粉,
572,,,蔥香高麗菜,https://icook.tw/recipes/397933,高麗菜 豬油 高山高麗菜 蒜頭 辣椒 青蔥 鹽 雞粉 白胡椒粉,
573,,,水果高麗菜泡菜,https://icook.tw/recipes/397333,高麗菜 紅蘿蔔 小蘋果 水梨 蒜頭 鹽巴 砂糖 白蘿蔔 洋蔥 麻油 糯米醋 豆腐乳,
574,,,高麗菜煎餃,https://icook.tw/recipes/398038,高麗菜 豬絞肉 蒜頭 薑 韭菜 米酒 鹽 醬油 雞粉 蠔油 白胡椒粉 黑胡椒粉 糖 香油 水餃皮,
575,,,高麗菜瘦肉粥,https://icook.tw/recipes/396641,高麗菜 食油 豬絞肉/豬肉絲 乾香菇 白飯 油蔥酥 胡蘿蔔 米酒 醬油 清水 白胡椒粉 鹽 香油 雞粉 蔥 芹菜/香菜,
576,,,宮保高麗菜,https://icook.tw/recipes/391178,高麗菜 乾辣椒 花椒 蒜末 蒜味花生 雞粉,
577,,,高麗菜麻油雞炒飯,https://icook.tw/recipes/396920,高麗菜 高山高麗菜 白飯 白胡椒粉 老薑片 鹽巴 黑麻油 去骨雞腿排 醬油,
578,,,高麗菜盒,https://icook.tw/recipes/390447,高麗菜 豆包 胡椒粉 香菇 蒜鹽 油蔥酥 油 冬粉 醬油膏 冬蝦 義美蛋餅皮,
579,,,玉米高麗菜水餃,https://icook.tw/recipes/395424,高麗菜 豬絞肉 紅蘿蔔絲 玉米粒 青蔥 鹽巴,
580,,,豆皮高麗菜,https://icook.tw/recipes/395910,高麗菜 乾生豆皮 油 塩 烹大師 蒜頭,
581,,,高麗菜炒黑美人菇 (高麗菜料理整理),https://icook.tw/recipes/395019,高麗菜 高山高麗菜 黑美人菇 蒜頭 油 鹽,
582,,,涼拌豆乾,https://icook.tw/recipes/395687,豆干 豆乾 香菜 大蒜 辣椒 蒜頭 素豪油 香油,
583,,,紅寶豆乾,https://icook.tw/recipes/397086,豆干 豆乾 薑 花椒 白胡椒 枸杞紅寶飲 冰糖 醬油 九層塔或香菜,
584,,,香滷豆乾,https://icook.tw/recipes/394600,豆干 白豆干 八角 朝天椒 醬油 砂糖 沙拉油 水,
585,,,豆干炒肉絲 （豆干汆燙過）,https://icook.tw/recipes/391562,豆干 豬小里肌肉 白胡椒粉 蔥 太白粉 蒜末 醬油 辣椒 蒜頭 素蠔油 油,
586,,,滷豆乾,https://icook.tw/recipes/390607,豆干 豆乾豆腐 辣豆瓣醬 醬油膏 醬油 糖 黑胡椒 酒,
587,,,葱爆豆干,https://icook.tw/recipes/394005,豆干 豆干(正方形片狀 青葱 酱油 蠔油 糖 鹽 水,
588,,,無水滷豆干,https://icook.tw/recipes/392872,豆干 油 冰糖 醬油 蔥 薑片 八角 甘草 花椒粒 乾辣椒 鹽,
589,,,豆乾杏鮑炒,https://icook.tw/recipes/396462,豆干 豆乾 杏鮑菇 油 辣椒 鮮味炒手,
590,,,芹菜豆乾,https://icook.tw/recipes/379966,豆干 芹菜 豆乾 鹽 蒜頭 醬油 紅蘿蔔 米酒 黑胡椒粒 白胡椒粉,
591,,,豆干炒肉絲,https://icook.tw/recipes/391001,豆干 豬肉絲 蒜片 蒜末 蔥段 醬油 豆干切絲 米酒 油膏 辣椒絲去籽 白胡椒,
592,,,丁香豆干,https://icook.tw/recipes/379235,豆干 小魚干 醬油 豆豉 蠔油 食用油 糖 青蔥 乾辣椒(可省略) 蒜頭 米酒 水 胡椒,
593,,,豆乾肉末,https://icook.tw/recipes/381149,豆干 豆乾片切丁 豬絞肉 醬油 蔥花 水 蒜末 鹽 薑末 糖 辣椒 胡椒粉 米酒,
594,,,豆干炒韭菜花,https://icook.tw/recipes/385422,豆干 厚豆干 韭菜花 蒜頭 辣椒 醬油 醬油膏 胡椒粉,
595,,,涼拌花生豆干,https://icook.tw/recipes/388549,豆干 花生 紅蘿蔔 鮮味炒手 小黃瓜 鹽 香油 辣椒 糖 水(煮花生用) 月桂葉 蒜末 八角 甘草片 黑胡椒粉,
596,,,紅燒醬豆干,https://icook.tw/recipes/386153,豆干 紅蘿蔔 醬油 蔥 醬油膏 蒜頭 味霖 雞蛋 白胡椒 砂糖,
597,,,滷豆干,https://icook.tw/recipes/374792,豆干 八角 薑切片 薄鹽醬油 醬油膏 辣椒 冰糖或砂糖 水 橄欖油 米酒,
598,,,《家常菜》豆乾炒肉絲,https://icook.tw/recipes/393030,豆干 豆乾（切絲） 豬肉絲（醃） 米酒 蒜末 醬油 蔥（切段） 白胡椒 蠔油 糖,
599,,,椒香豆干,https://icook.tw/recipes/384106,豆干 糯米椒 蒜頭 濕豆鼓（蔭醬） 鹽 辣椒,
600,,,豆腐蛋,https://icook.tw/recipes/397973,豆腐 蛋 豆腐（中華豆腐為例） 植物油,
601,,,糖醋豆腐,https://icook.tw/recipes/397431,豆腐 板豆腐切塊 麵粉 醬油 白醋 番茄醬 糖 太白粉 清水,
602,,,煎豆腐,https://icook.tw/recipes/395614,豆腐 雞蛋豆腐 柏齊醬 醬油 水,
603,,,洋蔥黑胡椒燒豆腐 (家常豆腐),https://icook.tw/recipes/396178,豆腐 義美家常豆腐 洋蔥 蒜頭 醬油或素蠔油 黑胡椒粒 油,
604,,,香煎豆腐排,https://icook.tw/recipes/398139,豆腐 有機木棉豆腐 太白粉 柴魚片 植物油 蔥,
605,,,紅燒豆腐,https://icook.tw/recipes/393798,豆腐 豆腐(切方片) 蔥(斜切) 辣豆瓣 薑(切末) 醬油 蒜頭(切末) 鹽 辣椒(斜切) 糖 水 白胡椒粉 太白粉水(勾芡用),
606,,,泡菜豆腐煲,https://icook.tw/recipes/398156,豆腐 泡菜 蔥 蒜 醬油,
607,,,蝦仁豆腐,https://icook.tw/recipes/392959,豆腐 小蝦仁 豆腐（建議火鍋豆腐或雞蛋豆腐） 米酒 毛豆仁 鹽 蔥 白胡椒 雞粉 薑 太白粉 糖 大蒜,
608,,,豆腐燒絞肉,https://icook.tw/recipes/395079,豆腐 豬絞肉 麻油 乾香菇 烹大師 米酒 蔥 水 白胡椒 大蒜 醬油 糖 香菇素蠔油,
609,,,鐵板豆腐,https://icook.tw/recipes/393009,豆腐 雞蛋豆腐 黃椒 紅椒 洋蔥 黑胡椒醬 高湯,
610,,,肉末豆腐,https://icook.tw/recipes/392047,豆腐 板豆腐 豬絞肉 蒜頭切末 蔥切末 醬油 辣椒 蠔油 白粉 糖 清水 白胡椒粉,
611,,,豆腐Pizza,https://icook.tw/recipes/393135,豆腐 板豆腐 冷凍蔬菜丁 番茄醬 豬梅花肉片 漢堡排醬 雞蛋 義大利香料粉 起士 黑胡椒粉,
612,,,洋蔥燒豆腐 (板豆腐) / 家常菜,https://icook.tw/recipes/392523,豆腐 板豆腐 洋蔥 鮮菇 蒜頭 蔥綠 醬油 油,
613,,,氣炸豆腐,https://icook.tw/recipes/392208,豆腐 板豆腐 紅椒粉 太白粉 鹽 胡椒 大蒜 薑末 蔥 醬油 味醂 白醋 豆瓣醬 水或高湯,
614,,,香煎椒鹽豆腐,https://icook.tw/recipes/396833,豆腐 雞蛋豆腐 橄欖油＆玄米油 胡椒鹽 蔥花（可省略）,
615,,,白菜豆腐湯,https://icook.tw/recipes/396848,豆腐 高湯 蕃茄 小白菜 鹽 白胡椒粉 香油,
616,,,煎雞蛋豆腐,https://icook.tw/recipes/396688,豆腐 雞蛋豆腐 蔥花,
617,,,三杯豆腐。三杯雞蛋豆腐,https://icook.tw/recipes/388387,豆腐 中華雞蛋豆腐一盒 蔥 蒜頭切片 薑切片 辣椒 九層塔 米酒 醬油 耗油 麻油 炒菜份量,
618,,,鹹蛋板豆腐,https://icook.tw/recipes/377819,板豆腐 鹹蛋 蔥 橄欖油,
619,,,洋蔥燒豆腐 (板豆腐) / 家常菜,https://icook.tw/recipes/392523,板豆腐 洋蔥 鮮菇 蒜頭 蔥綠 醬油 油,
620,,,板豆腐蘿蔔煎蛋捲,https://icook.tw/recipes/393557,板豆腐 雞蛋 紅蘿蔔 清水 味霖 鹽巴,
621,,,《家常菜》紅燒豆腐（板豆腐）,https://icook.tw/recipes/379734,板豆腐 蔥 香菇蠔油 蒜末 鹽巴 醬油 水,
622,,,麻婆豆腐(板豆腐版),https://icook.tw/recipes/373657,板豆腐 豬絞肉 蒜頭 蔥 大蒜苗 水 醬油 辣豆瓣醬 鹽巴,
623,,,氣炸板豆腐,https://icook.tw/recipes/364975,板豆腐 中華板豆腐 雞蛋 地瓜粉,
624,,,蒜香椒鹽金沙板豆腐,https://icook.tw/recipes/381248,板豆腐 鹹蛋 蒜頭 大辣椒 青蔥 椒鹽(胡椒),
625,,,飛利浦氣炸鍋板豆腐,https://icook.tw/recipes/367567,板豆腐 油,
626,,,氣炸黃金板豆腐,https://icook.tw/recipes/367072,板豆腐 橄欖油 胡椒粉,
627,,,超下飯-家常料理 紅燒板豆腐,https://icook.tw/recipes/386205,板豆腐 豬絞肉 醬油 蔥 蠔油 辣椒（1根會辣1根裝飾） 豆瓣醬 蒜頭 糖 米酒,
628,,,便當菜DIY~~洋蔥沙茶炒牛肉佐板豆腐,https://icook.tw/recipes/392299,板豆腐 (板豆腐調味料)甜醬油膏 炒牛肉片 洋蔥切絲 (調味料)沙茶醬 (調味料)白蔭油 (裝飾用)白芝麻,
629,,,清冰箱鹹粥/豆輪.板豆腐.蒸肉.孢子甘藍,https://icook.tw/recipes/393643,板豆腐 冷凍板豆腐 滷豆輪 剝皮辣椒紅蘿蔔蒸肉 白飯 冷凍孢子甘藍,
630,,,金莎板豆腐,https://icook.tw/recipes/351758,板豆腐 鹹蛋 花椒 朝天椒 蒜頭 蔥花,
631,,,防疫宅料理~~青蔥肉味噌佐乾煎板豆腐,https://icook.tw/recipes/381320,板豆腐 豬絞肉 蔥花 白味噌 紅味噌或深色味噌,
632,,,防疫宅料理~~香煎板豆腐佐秘製醬汁,https://icook.tw/recipes/377665,板豆腐 蒜頭拍扁切碎 紅蔥頭切碎 榨菜絲切碎 蔭油膏 韓式白芝麻油,
633,,,煎板豆腐,https://icook.tw/recipes/335626,板豆腐 蔥 醬油,
634,,,乾煎板豆腐,https://icook.tw/recipes/345050,板豆腐 蔥 日式酸橘醋醬 柴魚片,
635,,,涼拌秋葵板豆腐,https://icook.tw/recipes/348704,板豆腐 燙過冰涼的秋葵 日式燒肉醬 柴魚片 味霖 辣油,
636,,,枸杞絲瓜,https://icook.tw/recipes/393591,枸杞 絲瓜一條 薑絲 枸杞,
637,,,枸杞絲瓜,https://icook.tw/recipes/388961,枸杞 絲瓜 薑絲 鮮味炒手／塩 麻油,
638,,,枸杞葉瘦肉湯,https://icook.tw/recipes/397313,枸杞 豬骨高湯 豬里肌 米酒 枸杞葉 枸杞子 嫩薑 鹽 雞粉 香油 白胡椒粉,
639,,,當歸枸杞烏骨雞湯,https://icook.tw/recipes/391765,枸杞 烏骨雞 當歸 紅棗 鹽,
640,,,蘋果枸杞雞湯,https://icook.tw/recipes/380358,枸杞 蘋果（切厚片） 小雞腿（洗淨川燙） 鹽 瓠瓜（切厚片） 米酒 薑（切片） 枸杞（洗淨）,
641,,,清蒸枸杞薑蝦,https://icook.tw/recipes/383228,枸杞 薑 白蝦 米酒 醬油 胡椒粉,
642,,,紅棗枸杞銀耳蓮子湯,https://icook.tw/recipes/383826,枸杞 紅棗 蓮子 冰糖,
643,,,蒜炒菠菜+枸杞,https://icook.tw/recipes/373670,枸杞 菠菜 蒜頭 鹽巴,
644,,,枸杞菊花薑汁茶,https://icook.tw/recipes/377395,枸杞 菊花 水 薑糖,
645,,,【人蔘紅棗枸杞鮮雞湯】秋冬溫和滋補,https://icook.tw/recipes/396796,枸杞 高家六年根人蔘 雞腿肉 蛤蠣 乾干貝 紅棗 米酒 水,
646,,,枸杞絲瓜_懶人電鍋料理,https://icook.tw/recipes/382425,枸杞 絲瓜 枸杞,
647,,,枸杞麻油雞,https://icook.tw/recipes/362856,枸杞 切塊雞肉 老薑 黑麻油 米酒 高湯,
648,,,【簡易電鍋料理】紅棗枸杞菇菇絲瓜,https://icook.tw/recipes/391772,枸杞 鴻禧菇 絲瓜 薑 雞粉 紅棗 枸杞,
649,,,湯類｜蒜頭枸杞香菇雞湯,https://icook.tw/recipes/379876,枸杞 蒜頭 米酒 香菇 鹽 雞腿肉,
650,,,枸杞絲瓜,https://icook.tw/recipes/356913,枸杞 絲瓜 蒜頭 鮮味炒手 水,
651,,,枸杞桂花蜜凍,https://icook.tw/recipes/366042,枸杞 水 洋菜粉 事售桂花蜜 荸薺（可有可無）,
652,,,九層塔枸杞蒸雞腿,https://icook.tw/recipes/384404,枸杞 雞腿 怐杞 蔥綠,
653,,,手作狗狗枸杞小餅乾球,https://icook.tw/recipes/385930,枸杞 低筋麵粉 雞蛋 無鹽奶油,
654,,,洋蔥豬肉,https://icook.tw/recipes/397230,洋蔥 梅花肉片 味醂 醬油 烹大師柴魚粉,
655,,,洋蔥雞湯,https://icook.tw/recipes/392754,洋蔥 去骨雞腿排 鹽 蒜頭 黑胡椒 鴻禧菇 白胡椒 蔥,
656,,,洋蔥炒豬肉,https://icook.tw/recipes/396640,洋蔥 梅花肉 洋蔥（小顆） 米酒 胡椒 油 醬油 黑胡椒,
657,,,洋蔥炒雞肉,https://icook.tw/recipes/396692,洋蔥 切塊雞腿肉 醬油 糖 米酒 水 白胡椒粉 蔥 太白粉 蒜頭,
658,,,鮪魚洋蔥沙拉,https://icook.tw/recipes/396061,洋蔥 鮪魚罐頭 醬油膏,
659,,,黑胡椒洋蔥肉絲,https://icook.tw/recipes/395742,洋蔥 豬里肌 醬油 蒜頭 胡椒粉 蠔油 黑胡椒 糖 太白粉,
660,,,洋蔥鹹豬肉,https://icook.tw/recipes/388922,洋蔥 鹹豬肉 米酒 芹菜 雞粉 紅蘿蔔 鮑魚菇 蒜頭,
661,,,洋蔥奶油炊飯,https://icook.tw/recipes/392258,洋蔥 米 月桂葉 巴西利/百里香/細香蔥（可略） 橄欖油 無鹽奶油 白酒（可略） 水,
662,,,洋蔥皮蛋,https://icook.tw/recipes/387305,洋蔥 皮蛋 香菜末 蒜碎 辣椒碎,
663,,,洋蔥湯,https://icook.tw/recipes/387832,洋蔥 牛肉濃縮高湯 奶油 橄欖油 蒜頭 迷迭香葉 月桂葉 黑胡椒 鹽巴 起司粉,
664,,,洋蔥蛋花湯,https://icook.tw/recipes/388652,洋蔥 蛋 香油 蔥花,
665,,,洋蔥炒豬肉,https://icook.tw/recipes/393532,洋蔥 火鍋肉片 蛋 蔥花,
666,,,洋蔥雞湯,https://icook.tw/recipes/383961,洋蔥 雞腿肉 洋蔥 (小型) 鮮雞晶 香油 白胡椒粉 青蔥,
667,,,涼拌洋蔥,https://icook.tw/recipes/385112,洋蔥 迷迭香醋（或其他果醋） 柴魚片 杏仁片,
668,,,洋蔥蛋花湯,https://icook.tw/recipes/383361,洋蔥 蛋 鰹魚醬油 太白粉 味醂 蒜頭 麻油 薑 水,
669,,,洋蔥鮭魚,https://icook.tw/recipes/382542,洋蔥 鮭魚排 鹽巴 鰹魚醬油,
670,,,黑胡椒洋蔥雞胸肉,https://icook.tw/recipes/391922,洋蔥 雞胸肉 黑胡椒粉 醬油 醬油膏 糖,
671,,,洋蔥炒蛋,https://icook.tw/recipes/381825,洋蔥 蛋 醬油 糖 鹽巴,
672,,,秋葵蒸蛋,https://icook.tw/recipes/398089,秋葵 雞蛋 柴魚 熱水 鹽巴,
673,,,涼拌秋葵,https://icook.tw/recipes/385564,秋葵 蒜末 辣椒末 醬油 蠔油 鹽 糖 水 太白粉,
674,,,涼拌秋葵,https://icook.tw/recipes/350875,秋葵 鹽 蒜頭 紅辣椒 香菇素蠔油 砂糖 冷開水 香油,
675,,,金沙秋葵,https://icook.tw/recipes/389633,秋葵 鹹蛋 鮮味炒手 蒜瓣 辣椒,
676,,,蒸秋葵,https://icook.tw/recipes/386347,秋葵 秋葵,
677,,,秋葵蒸蛋 香菇蒸蛋,https://icook.tw/recipes/395925,秋葵 蛋 香菇炒過 醬油,
678,,,秋葵濃湯（副食品版）,https://icook.tw/recipes/397341,秋葵 豬里肌 甜椒 洋蔥 馬鈴薯 芹菜 油 鹽,
679,,,秋葵豬肉捲,https://icook.tw/recipes/382018,秋葵 秋葵(約15根 豬肉片 (約15片 米酒 醬油 蠔油 砂糖 七味辣粉,
680,,,里肌秋葵燒,https://icook.tw/recipes/394471,秋葵 豬里肌火鍋片 CJ 韓式原味燒烤拌醬 橄欖油 水,
681,,,肉碎秋葵,https://icook.tw/recipes/390343,秋葵 肉碎 辣豆瓣醬 蒜頭 醬油,
682,,,秋葵豬肉捲【烤箱版】,https://icook.tw/recipes/398092,秋葵 豬肉片 黑芝麻 黑胡椒,
683,,,秋葵涼拌豆腐,https://icook.tw/recipes/388091,秋葵 古早味板豆腐 醬油 巴薩米克醋 香鬆,
684,,,南瓜秋葵豬肉捲,https://icook.tw/recipes/394271,秋葵 豬肉片 栗子南瓜 白芝麻,
685,,,秋葵炒牛肉,https://icook.tw/recipes/389317,秋葵 牛肉切絲 太白粉 鴻禧菇 醬油 蒜末 蠔油 砂糖 食用油 米酒,
686,,,秋葵涼拌豆腐,https://icook.tw/recipes/388898,秋葵 豆腐 柴魚片 壺底油,
687,,,涼拌胡麻秋葵,https://icook.tw/recipes/387456,秋葵 胡麻醬,
688,,,烤培根串秋葵,https://icook.tw/recipes/393410,秋葵 培根 （1）金蘭蜜汁烤肉醬 洋蔥碎 蔥末 蒜末 辣椒末 芝麻 開水 玉米粉,
689,,,秋葵伴豆腐,https://icook.tw/recipes/386449,秋葵 中華鹽滷豆腐 沾拌淋醬-焙煎芝麻 柴魚片,
690,,,韭菜煎蛋,https://icook.tw/recipes/397442,韭菜 雞蛋 韭菜段 鹽 味精,
691,,,韭菜煎蛋,https://icook.tw/recipes/396638,韭菜 雞蛋 雞粉 胡椒鹽 香油,
692,,,韭菜盒子,https://icook.tw/recipes/396666,韭菜 絞肉 中筋麵粉 蛋 常溫水 冬粉 鹽 醬油 香油 白胡椒粉,
693,,,韭菜炒蛋,https://icook.tw/recipes/395330,韭菜 雞蛋 鹽,
694,,,韭菜盒子,https://icook.tw/recipes/381254,韭菜 中筋麵粉 基本麵團 冬粉 肉燥 食用油 白胡椒粉 麻油,
695,,,韭菜炒雞肉,https://icook.tw/recipes/396169,韭菜 雞肉 （切塊） 韭菜 （切段） 醬油 酒 糖 香油 蒜泥 薑泥,
696,,,豆腐豬血韮菜燒,https://icook.tw/recipes/382194,韭菜 豆腐 豬血 韮菜 辣椒 肉末 蒜末 薑末 醬油 辣椒醬 糖 酒 䀋巴 水,
697,,,牡蠣韭菜煎蛋,https://icook.tw/recipes/395113,韭菜 牡蠣(去殼) 雞蛋 水 鹽 沙拉油 味素,
698,,,韭菜綠豆芽炒蛋,https://icook.tw/recipes/375761,韭菜 綠豆芽一包 韭菜一小把 鹽 雞蛋2顆 糖 紅蘿蔔 白胡椒粉 蒜米 香油,
699,,,韭菜盒子,https://icook.tw/recipes/387987,韭菜 中筋麵粉 冬粉 蝦皮 雞蛋 豬絞肉 白胡椒粉 醬油膏 鹽,
700,,,韭菜小盒子,https://icook.tw/recipes/394024,韭菜 水餃皮 素蠔油 雞蛋 鹽巴 三角油豆腐 糖 蝦皮 胡椒粉 粉絲 香油,
701,,,韭菜🌮雞蛋煎餅pancake,https://icook.tw/recipes/374268,韭菜 雞蛋 鮮味炒手 澱粉(玉米粉或蕃薯粉） 白胡椒粉 麵粉,
702,,,韭菜肉片炒麵,https://icook.tw/recipes/393068,韭菜 麵條 火鍋豬肉片 （素）蠔油 韭菜 （切段） 醬油 酒 醋 薑泥,
703,,,日式韭菜味噌煎餅,https://icook.tw/recipes/369995,韭菜 麵粉 水 味噌（要好吃的） 白芝麻,
704,,,地瓜韮菜煎餅,https://icook.tw/recipes/370221,韭菜 地瓜（約中型2條） 麵粉 鹽 蛋 水 韮菜 油（煎餅用）,
705,,,韭菜炒豆乾,https://icook.tw/recipes/391351,韭菜 豆干切片 韭菜花切段 蒜頭切末 五花肉1切片 辣椒 蠔油 醬油 白胡椒粉 糖,
706,,,韭菜盒,https://icook.tw/recipes/383433,韭菜 中筋麵粉 燙麵滾水 金鉤蝦（或蝦皮） 常溫開水 油 蛋 酵母 冬粉 鹽 醬油膏 白胡椒粉 香油,
707,,,一口韭菜盒,https://icook.tw/recipes/391860,韭菜 水餃皮 素蠔油 雞蛋 鹽巴 蝦皮 糖 粉絲 香油 胡椒粉,
708,,,麻油猴頭菇鍋,https://icook.tw/recipes/397559,猴頭菇 麻油猴頭菇 五花肉 白菜 紅蘿蔔片 高湯 植物油 乾豆皮,
709,,,麻油猴頭菇雞,https://icook.tw/recipes/396960,猴頭菇 仿仔雞(公) 猴頭菇調理包 麻油 老薑片 藥膳包 金針菇 杏鮑菇 濕香菇 高麗菜 鹽巴 高湯 米酒 鹿茸酒 米血,
710,,,塔香魚豆腐猴頭菇,https://icook.tw/recipes/393190,猴頭菇 魚豆腐 醬油 老薑 米酒 大蒜仁 鹽 九層塔 糖 雞粉,
711,,,芝麻涼拌猴頭菇,https://icook.tw/recipes/385527,猴頭菇 小黃瓜 薄鹽醬油 蒜泥 芝麻油 白芝麻,
712,,,剝皮辣椒猴頭菇（罐頭料理）,https://icook.tw/recipes/390663,猴頭菇 新鮮猴頭菇 剝皮辣椒 蒜頭 香油,
713,,,猴頭菇麻油雞湯、猴頭菇處理,https://icook.tw/recipes/368328,猴頭菇 乾猴頭菇 蛋白 雞腿 乾香菇 薑片 蔘鬚 紅棗 枸杞 米酒 麻油 鹽,
714,,,土豆麵筋猴頭菇（罐頭料理）,https://icook.tw/recipes/386623,猴頭菇 土豆麵筋罐頭 猴頭菇,
715,,,金沙苦瓜猴頭菇（不苦）,https://icook.tw/recipes/385513,猴頭菇 山苦瓜 鹹蛋 蒜頭 辣椒（依個人口味增減）,
716,,,塔香猴頭菇（偽塔香蛤蜊）,https://icook.tw/recipes/391145,猴頭菇 新鮮猴頭菇 蒜頭 九層塔 鹽 糖,
717,,,♡ 猴頭菇雞湯♡,https://icook.tw/recipes/370419,猴頭菇 土雞腿 雞骨頭 蛤蜊 黃耆 枸杞 紅棗 米酒 鹽 食用水,
718,,,猴頭菇蔬菜盤（蔬食）,https://icook.tw/recipes/366213,猴頭菇 乾猴頭菇 乾銀耳 醬油 乾海竹參 鹽 秀珍菇 白胡椒粉 粉絲 薑黃粉 豆苗 醋 薑片 香蒜粉 麻油,
719,,,醬爆猴頭菇*萍姊,https://icook.tw/recipes/367160,猴頭菇 乾猴頭菇 九層塔 紅椒 黃椒 辣椒 紅棗 酥炸粉 麵粉 鹽 胡椒粉 辣椒醬 素蠔油 糖 黑胡椒粒 味素,
720,,,猴頭菇雞肉粉絲煲,https://icook.tw/recipes/363104,猴頭菇 全雞 老薑 黑麻油 乾香菇 高麗菜 醬油 當歸 川芎 米酒 枸杞,
721,,,簡易版超好吃鮮蝦猴頭菇披薩,https://icook.tw/recipes/381150,猴頭菇 吐司 番茄醬或糊 乳酪絲 起司片 蝦仁 義式香料,
722,,,(全素蔬食)大玉猴頭菇佐白花椰,https://icook.tw/recipes/374567,猴頭菇 冷壓橄欖油 新鮮的猴頭菇 木耳 白花椰菜,
723,,,春滿塔香燜猴菇(純素),https://icook.tw/recipes/373509,猴頭菇 杏鮑菇 秀珍菇 九層塔 辣椒 薑 香菇醬油露 香菇素蠔油 薑油 有機味霖,
724,,,湯水篇｜姬松茸茶樹菇猴頭菇雞湯 附影片,https://icook.tw/recipes/370348,猴頭菇 姬松茸 茶樹菇 竹笙 豬腱肉 新鮮雞 無花果乾 薑片 清水,
725,,,扁蒲麻油猴頭菇/素食,https://icook.tw/recipes/347519,猴頭菇 油 扁蒲 鹽 麻油猴頭菇 水 毛豆 紫米糕 枸杞,
726,,,鳳梨酥（自製鳳梨餡）,https://icook.tw/recipes/397708,鳳梨 鳳梨刨絲（約1顆） 冰糖 低筋麵粉 麥芽糖 奶粉 奶油 鹽 雞蛋 糖粉,
727,,,氣炸鍋 沒鳳梨的鳳梨蝦球,https://icook.tw/recipes/397797,鳳梨 鮮蝦 酥炸粉 油 美乃滋,
728,,,鳳梨蝦球,https://icook.tw/recipes/396928,鳳梨 蝦仁 米酒 鳳梨罐頭 罐頭湯汁 蛋 地瓜粉 美乃滋,
729,,,鳳梨蝦球,https://icook.tw/recipes/394286,鳳梨 白蝦 鳳梨罐頭 地瓜粉 蛋白 鹽 鳳梨罐頭湯汁 白胡椒粉 檸檬汁 美乃滋,
730,,,鳳梨骰子牛肉串+鳳梨烤肉醬,https://icook.tw/recipes/393216,鳳梨 骰子牛 洋蔥（切塊） 彩椒與青椒（切塊） 洋蔥 鳳梨（切塊） 大蒜 砂糖 醬油 冷開水 胡椒粉,
731,,,鳳梨蛋糕,https://icook.tw/recipes/393609,鳳梨 低筋麵粉 泡打粉 雞蛋 砂糖 牛油 罐頭鳳梨 鹽,
732,,,鳳梨酥,https://icook.tw/recipes/352875,鳳梨 奶油 無水奶油 土鳳梨醬 糖粉 晶鑽鳳梨餡 蛋 低粉 起士粉 奶粉 奶香粉,
733,,,鳳梨酥,https://icook.tw/recipes/392862,鳳梨 Tommy's低筋麵粉 無鹽奶油 雞蛋 奶粉 起司粉 糖粉 鳳梨餡,
734,,,鳳梨蝦球,https://icook.tw/recipes/389824,鳳梨 蝦仁（草蝦） 鳳梨罐頭 中筋麵粉 美乃滋 玉米粉 蛋白 彩色巧克力米 蛋 米酒 麵包粉 鹽巴,
735,,,鳳梨蝦球v2,https://icook.tw/recipes/393756,鳳梨 蝦子 雞蛋 鹽巴 米酒 木薯粉 鳳梨罐頭,
736,,,鳳梨滷肉,https://icook.tw/recipes/387117,鳳梨 五花肉 ，梅花肉 蔥 薑 蒜頭 紅蘿蔔 馬鈴薯 地瓜 醬油 米酒 黑糖 鳳梨,
737,,,鳳梨紅燒肉,https://icook.tw/recipes/389923,鳳梨 五花肉 鳳梨,
738,,,鳳梨果醬,https://icook.tw/recipes/384420,鳳梨 二砂 檸檬,
739,,,鳳梨酥,https://icook.tw/recipes/389946,鳳梨 無鹽奶油 糖粉 蛋 奶粉 鹽 起司粉（可省略） 低筋麵粉,
740,,,鳳梨冰棒,https://icook.tw/recipes/387445,鳳梨 冰糖 黑糖（上色用） 檸檬 太白粉（勾芡用）,
741,,,鳳梨蝦球v1,https://icook.tw/recipes/393426,鳳梨 蝦仁 鳳梨罐頭 雞蛋 美乃滋 鹽巴,
742,,,鳳梨酥（氣炸鍋),https://icook.tw/recipes/383699,鳳梨 無鹽奶油 鹽 低筋麵粉 蛋 砂糖 奶粉 土鳳梨內餡（現成）,
743,,,鳳梨醬,https://icook.tw/recipes/384225,鳳梨 糖 檸檬汁,
744,,,玉米水餃,https://icook.tw/recipes/395254,玉米 梅花豬肉 水餃皮 蛋 蔥 小松菜 玉米粒 鹽 白胡椒粉 米酒 薑末 醬油 香油,
745,,,玉米煎餅,https://icook.tw/recipes/393706,玉米 玉米罐頭 雞蛋 蔥花 鹽巴 白胡椒 低筋麵粉 清水 麻油,
746,,,四季豆玉米,https://icook.tw/recipes/392633,玉米 四季豆 蒜頭,
747,,,玉米風味牛奶,https://icook.tw/recipes/396909,玉米 甜玉米粒 牛奶 水 椰漿粉 糖,
748,,,玉米大阪燒,https://icook.tw/recipes/397168,玉米 高麗菜 紅蘿蔔 山藥泥 中筋麵粉 蛋黃 鹽巴 黑胡椒 沙拉量及醬油高 海苔絲 水,
749,,,玉米高麗菜水餃,https://icook.tw/recipes/395424,玉米 豬絞肉 紅蘿蔔絲 玉米粒 青蔥 鹽巴,
750,,,玉米炒蛋,https://icook.tw/recipes/387646,玉米 玉米罐頭 蛋 蔥,
751,,,玉米炒蛋,https://icook.tw/recipes/381854,玉米 蛋 鹽 黑胡椒,
752,,,椒鹽甜玉米,https://icook.tw/recipes/393035,玉米 甜玉米 蒜頭 鹹酥雞胡椒鹽 辣椒（可有可無） 九層塔 蔥花,
753,,,鴻禧菇玉米筍炒蝦仁,https://icook.tw/recipes/375829,玉米 玉米筍 好菇道鴻禧菇 米酒 蝦仁 黑胡椒 辣椒切圈 蔥切蔥花 鹽巴 鮮味炒手,
754,,,超好吃的氣炸沙茶玉米🌽 夜市 烤玉米,https://icook.tw/recipes/397658,玉米 白砂糖 醬油 沙茶醬 朝天椒粉,
755,,,玉米蛋餅,https://icook.tw/recipes/391452,玉米 雞蛋 蛋餅皮 玉米粒,
756,,,玉米蛋花湯,https://icook.tw/recipes/380464,玉米 玉米粒 蛋 蔥花 鹽,
757,,,椒鹽玉米,https://icook.tw/recipes/383035,玉米 蒜末 蔥 胡椒鹽,
758,,,蘿蔔玉米排骨湯,https://icook.tw/recipes/396053,玉米 小排骨(市場買好切塊) 紅蘿蔔 白蘿蔔 黃玉米 盬,
759,,,絲瓜玉米筍 / 家常菜,https://icook.tw/recipes/396250,玉米 絲瓜 帶殼玉米筍 蒜頭 油 鹽巴,
760,,,醬燒玉米筍,https://icook.tw/recipes/396043,玉米 玉米筍 五花肉薄片 米酒 糖 味霖 醬油,
761,,,蓮藕玉米排骨湯,https://icook.tw/recipes/394295,玉米 蓮藕 鹽 排骨 白胡椒粉 水 香菜,
762,,,地瓜煎餅,https://icook.tw/recipes/397931,地瓜 蕃薯 低筋麵粉 砂糖 無鹽奶油,
763,,,地瓜煎餅,https://icook.tw/recipes/397498,地瓜 雞蛋 中筋麵粉 橄欖油,
764,,,地瓜白飯,https://icook.tw/recipes/394462,地瓜 米 水 食用油,
765,,,黃金地瓜飯,https://icook.tw/recipes/397883,地瓜 紅心地瓜 白米 清水,
766,,,地瓜馬芬,https://icook.tw/recipes/397148,地瓜 無鹽奶油 蛋黃 鹽巴 低筋麵粉 冰蛋白 細砂糖,
767,,,地瓜雞肉濃湯,https://icook.tw/recipes/396741,地瓜 地瓜 (切小塊) 雞肉 (切小塊) 洋蔥 (切丁) 紅蘿蔔 (切丁) 奶油 中筋麵粉 鮮奶 水或高湯,
768,,,氣炸地瓜球&地瓜餅,https://icook.tw/recipes/387227,地瓜 木薯粉或地瓜粉 沙拉油 糖,
769,,,地瓜紅豆湯,https://icook.tw/recipes/390769,地瓜 去皮地瓜 紅豆 水 砂糖,
770,,,手工地瓜圓,https://icook.tw/recipes/396980,地瓜 66號地瓜 樹薯粉 太白粉(也可全用樹薯粉替代 糖（可加可不加，最後會泡糖,
771,,,栗子地瓜餅,https://icook.tw/recipes/396196,地瓜 栗子地瓜 砂糖 奶油 低筋麵粉 玉米粉 奶粉,
772,,,地瓜球,https://icook.tw/recipes/391396,地瓜 糖 糯米粉 地瓜粉 油,
773,,,燙地瓜葉,https://icook.tw/recipes/396221,地瓜 地瓜葉 油 蒜末 醬油 油蔥酥 香油 雞粉 燙地瓜水 醬油膏,
774,,,地瓜乳酪蛋捲,https://icook.tw/recipes/393727,地瓜 蛋 燕麥奶 乳酪絲,
775,,,地瓜布丁,https://icook.tw/recipes/389776,地瓜 鮮奶 糖 全蛋,
776,,,玄米地瓜湯,https://icook.tw/recipes/395629,地瓜 水 田董炒玄米 糖,
777,,,寶寶地瓜餅/地瓜球,https://icook.tw/recipes/385886,地瓜 地瓜泥 木薯粉（地瓜粉） 奶粉,
778,,,沙拉地瓜,https://icook.tw/recipes/389333,地瓜 冰番薯 Joghurt Cottage cheese 火箭葉 鹽花 á 胡椒,
779,,,地瓜派,https://icook.tw/recipes/389485,地瓜 市售6吋派皮 蛋白 奶油 砂糖 鹽巴 牛奶 蛋黃,